\UOVnVHasher.exe,5ab7ea2038763485d53cfe28960c9212785505e0e0e9e69bfad4d74e6c6a7c08
\UO VnV\anim.idx,64adf0ba0fb47019ec5d0a233819605c8fb15a156bc5c19db790c13a22adfbed
\UO VnV\anim.mul,2d890d6b79dc9f05398f192ef07c3aabc4cf42b680ea2dc966a0a270da683d9a
\UO VnV\Anim1.def,40348b160303bf1accf2b2fa795741bff516e818c5688d6550f0a6078b2b2236
\UO VnV\Anim1024.bin,90ba1811e8ff3d26f3b3795119cd8a52adf10c8b32a956ef12a17177233890c0
\UO VnV\Anim2.def,e47d04fabc7446a8866fb9369bda2b18bc7fddab3d87e49e39c1527b7b7d6774
\UO VnV\anim2.idx,eeb59030004ed0cde59f6c5f5d9711f1405cf0cda38f3480f3c6347f62b3651a
\UO VnV\anim2.mul,0527988aaeea0c32f7a1175e3f0c07ec4341c63e3da7761af8d80704e789da7a
\UO VnV\Anim256.bin,2b831b3a0a1da392790f83c9a504f20828d2276e694951ecd1d6a08316644f84
\UO VnV\anim3.idx,95920088f00cb5394d77d517089adbcded2240cefadeaf5330ed416196255fca
\UO VnV\anim3.mul,33192b505c9792308d84cf16c83def89e9bca6b1466773fa37e24a5679542084
\UO VnV\anim4.idx,7ebf2fbb3d0fc3bc901c6d20175b2fbcc8e84b30e370e43c222df2d0c94c7d58
\UO VnV\anim4.mul,97803b7fa973076e46f77a7591af073e43a454f7cb12efe8799ad3941295bfb1
\UO VnV\anim5.idx,e3f0f5c84f66415d089c40d863aa38bd587cf4d60a94655368764e61d6257f9c
\UO VnV\anim5.mul,9bcac78d59b36bfb455e67b5bd69359e6423b98a791d04bb56bb22c6272cf89b
\UO VnV\AnimationFrame1.uop,006e08b50a87fdda0b3a1014c38d0bad25bb7a7755ae1c3a5ad54e843b1aefe5
\UO VnV\AnimationFrame2.uop,7e94cc6083e1fce9035ce08780db15cf546818727b3f82f2b1dcfb4bfcd57d7e
\UO VnV\AnimationFrame3.uop,b1e5d92edeb9fa94cd9c7f5ea9c834590e971d2fa836c55a103dba7104b51284
\UO VnV\AnimationFrame4.uop,ec943440f3881b59d9803d377d65e0d34d1a69aef88f62432f1f9c3f46cdfc81
\UO VnV\AnimationSequence.uop,e3a1c7edcd308c56f9a6a68f6bd4764c270b7e25d571d73a68987aa819e97101
\UO VnV\animdata.mul,a66388533166311ddda432d301fbfe6f55832eacda278c05c366bcec0272c3ac
\UO VnV\animinfo.mul,c6ab4c1d615a638221fd1f81e5d31db34820a1cfb8ef18c1c5b4e1c3554c434a
\UO VnV\Antx1024.bin,0a6eb18fb060797aad59e6efede43a6cc3f3e47257cf9de1312197aee7bf8885
\UO VnV\Antx256.bin,a44083be4b67f2a7df3a33950ded089008fdc17985370dfd1fabf47f13d4f397
\UO VnV\art.def,9cd4dc579cb66ee26e10c3713332a607e061c047c0781958eca0d678886faa48
\UO VnV\artLegacyMUL.uop,686c0c9f92d152668998c5abc4b54cebeaf694639743c24832b267f0ae11415d
\UO VnV\Arttable.cfg,0ae58cbaa93c4715d43499c322af55e6f7fc32517369ea73c9cc7a21477669ef
\UO VnV\Binkw32.dll,f2ad88706cf898ff489c5b3f19fac5a4d51dd59110b8e919b518c1d0f9a9b73a
\UO VnV\Blueprints.tbp,916eb661152b25c6a0eb52b838eb3340ade9f02d849e46f49c011ee297cb9c36
\UO VnV\Body.def,2fbd408fcc96d1c0b382c4fd5c4efc798e2e5093e59a14ed6be9146b4a81cdab
\UO VnV\Bodyconv.def,6af043545357e6409d2b01fe1338c506b5c89bd15739ab8364e2dac797919caa
\UO VnV\Chat.cht,4ee6acf74d591db4d4ed1f2518cfed6825ad08565c2a2653630015617a68d51c
\UO VnV\Chat.deu,ac1a1fc3ef3afced52103d30b8349a53e957edfb58db4738926e4e4dfe38d291
\UO VnV\Chat.enu,efe99ac3846002bb20058b37a18d2ced3923ce67b213015b803c0ccb4f362f06
\UO VnV\Chat.esp,a89d64fee41a096986baeb0b73e64f062709be2cfc8983aea8ff027430ee9f66
\UO VnV\Chat.fra,b1e32e96bdfc67c49d2be1ab9b1364a29e0586546cffd935d44d56c9f0102af6
\UO VnV\Chat.jpn,17fe02fecf8b0087ffd066f62bcb4b69480f5c6ad881674aaa2ca625c689be2a
\UO VnV\Chat.kor,4acba31217e51cb0130695e634a19dfb7c46f3187b0f829a4dd646f603c91225
\UO VnV\client.exe,23b2b764868b6748d573725db2f35e62ef870b5c599b3a18874a2e467fea525b
\UO VnV\ClientPicker.exe,d55a83372238428f0a839279e5d332302fbf6f28f7857bbb15427874958905a5
\UO VnV\client_tc.exe,6507e703b0ae65fa7ba174f53f86317ac3b736f0b12c1a8e86240b4cb03b5146
\UO VnV\Cliloc.chs,e20485575662f9f9235019c76dd8d4a88ff877fc67175841535b03b89f4c0563
\UO VnV\Cliloc.cht,32c0fa7c99dfe18ec96f3da2b94cd2f119e2b725bb04c53e1bda2fe3a313c469
\UO VnV\Cliloc.deu,400e8bc3cf6fa6401054274ae9a0b9e391efa0b2f36aadef6a0197b2040be40d
\UO VnV\Cliloc.enu,d27825af5a8e36d60d149f0da278e114feb3f13b587c9596f47397000cc4e68b
\UO VnV\Cliloc.esp,2e0864781cbd6203f2f069d3feca05dc7e10cea425c8979cb6d6180fb65ba47d
\UO VnV\Cliloc.fra,2b8eacb5a009f3c366205a4f9d115a3fad3060b917037917885e264c13391b7d
\UO VnV\Cliloc.jpn,d9a795d1be0c2994f943ed1e55d7bad7269d52bb37a5eb57ebc3f54398a69468
\UO VnV\Cliloc.kor,eeffa174f894bf033522f55e1a6d0637c1365d333212261375362a655fc331da
\UO VnV\Corpse.def,9bc572c3643acbcd1e299e6def4297c57da586624e373a45da88f72654b7c02a
\UO VnV\Credits.dat,08fda06f014f79edf41737a783d0ef702e249d26294295f40a1a243fe4bff67c
\UO VnV\dbghelp.dll,412f6c0ed936316275e68e21df7255e4e35fad14e114e479e8c5c9d75ecac88c
\UO VnV\Default.mac,5f1cd206ef351fbafecb6cec1239ebfd0007932bddbacea8fdcf88a0d1bb1553
\UO VnV\desktop.nwb,cf605f27ab175ffef44bb618d72d014222d14109b28ddb77884562ce55826c88
\UO VnV\doors.txt,eaef95839e2bf7b75e7e82891996eaba982e402345b1507f524c01e18a702334
\UO VnV\Equipconv.def,ee650d81d88205745958cc6b6adf0c1f656f294dd0e97d58716e95142a2243ff
\UO VnV\facet00.mul,e2ae0664746bef76f32a1d36a9fd231f7f1cb4af393e80d965d8b7f7a477532f
\UO VnV\facet01.mul,81c4e178362b93ead6d21906e3034fe58b769db9e6ade772c1463df135f28843
\UO VnV\facet02.mul,69a9af0750ad884a1c0893556cd4ed4aba3208ae43e40b8a8641bd42e8b059d6
\UO VnV\facet03.mul,c5e0f80d316eb6616c4865b853581a613b666da1f15c2fa43bb0f95165c58b15
\UO VnV\facet04.mul,09609bb4459519fc58d75b78246a606aa59e13c2957f136a1faca986b53ebc7b
\UO VnV\facet05.mul,e659d00439940b482704c30153f6f47cf1347b42ec60bfbcec61b62831590515
\UO VnV\floors.txt,4ce9866766583f947365120ba7bd2cde304b4add6668bf4cf9667e27d94c6f1b
\UO VnV\fonts.mul,793b73a293b490c54c15618edd66a84670449e17ce778093c6fe056f8a2298bc
\UO VnV\gamegen.txt,04573bda88f391b42f3035828bcb00331e26652da5952b8d4dee1d0c2cb216eb
\UO VnV\Gesture.cht,7cacd609b109bf5a55d748609329a78b2d707575b1610aedca24d6ca4ad72a49
\UO VnV\Gesture.deu,b7027862c8f2b314d0e7a174c118d73e683fa1ffaac7b9f302dfb8f47caaa014
\UO VnV\Gesture.enu,8c6e3dc6c44d1d42135c3cd286b90406b861490fe868fd49f313fc10fecb9135
\UO VnV\Gesture.esp,2fb15679db2e0917e0e310d9891fc872b90ba6a0898ac1530e7efb5c5de7f5b2
\UO VnV\Gesture.fra,462c19701043139290e5c12c936dc933c4e0d86520993410b9dc57fd11ba8522
\UO VnV\Gesture.jpn,5b514cbf74f376c5a8b5fefc309513efca97ecd8a20a251ab080b5054728b6b6
\UO VnV\Gesture.kor,d7318c1736139f77ca6db88a5d700ead751b1e0f1c8845d8f902c1efaa84f10e
\UO VnV\Granny.dll,a33bf57258ce71caf4d755364a7e44192a5a1433b98b6db4aaaf6542ba5f6c58
\UO VnV\Gt_0000.cht,98bdfdc2bee01cae32bec5fc8fcb85a116e2dffeae866978e5a0d5b30d7f98e9
\UO VnV\Gt_0000.deu,0077e043a26bb9f950aca97ead75172cd41be2d99f4ff2b2a4ac04ce246440a1
\UO VnV\Gt_0000.enu,3d932fec53f6f0815344a61a2306fb9961d847f23e19b13292d5c18c3d976c50
\UO VnV\Gt_0000.esp,ba9944e48a413434c082041cbf3aea57db88d1283995baaba04d650984badb94
\UO VnV\Gt_0000.fra,cea158069d15c6f522f71127e1ef3d60bb0ee280405b92c5f53c09478d38a39b
\UO VnV\Gt_0000.jpn,039117ba1f1396a748fba59f00400fc2b61345a5f649ffd4ea3589cadfcc4637
\UO VnV\Gt_0000.kor,a28fad418e02f68c17b1f2107f1e675d84061019139d32d26a9d42f785685196
\UO VnV\Gt_1010.cht,9a6ab9da709cadded73ae8c57d179d2d849b17f9c145bcab91f75eae56b88373
\UO VnV\Gt_1010.deu,d20d9ab630d3531d6bd763a79532870e844b40f90f0362bee73ccc74cf6dcbd3
\UO VnV\Gt_1010.enu,5eb5ee615617061c10c73f5bd80aff295045d194ae7cabb944dbb2a566aac113
\UO VnV\Gt_1010.esp,836bb0b23c5892299868b8ce00547e84098df1f1a16c1c14def6c3a6e561da39
\UO VnV\Gt_1010.fra,6c73e7d75e1fa17d85ed0f34ab197522d747dd23ac9e7dc8075e5cd711c11186
\UO VnV\Gt_1010.jpn,5e09ea4bf901eefd4c5b34c43982b6a5c0aac4b14f91251ff815d5525f8f5078
\UO VnV\Gt_1010.kor,5de8df0f331d5d4c35ae2f5ef4d0995b806c667304c3a4f8e72ea1ccd6842bce
\UO VnV\Gt_2000.cht,1cdaab075b111e616dc1ff0e29c020244d862e9b559c6a568b75e6ae2f13df31
\UO VnV\Gt_2000.deu,9389e3962fc38a47b11696e9e23c1c115792e871c42d4f7840aa7e86614fb012
\UO VnV\Gt_2000.enu,d4675d37a604d10d1c14819391fa12c288dfa7ce2245a56c8f564b6218dce70a
\UO VnV\Gt_2000.esp,ff33d47a3144534106cfe6343a2b477cf94d3b855c350a57e314beae26c3b7af
\UO VnV\Gt_2000.fra,77315f5e306dddacc638b10f98c497d6073b89154a605f79428220163afab7ca
\UO VnV\Gt_2000.jpn,9f50ada086c93e03771c2f7f07f4daaa6c652f917d5c946adda93b1f26b22405
\UO VnV\Gt_2000.kor,d19698b70bd1248fca46e0947769f4caebfbe80a171994e244ff96e61d7bfc28
\UO VnV\Gt_2310.cht,862715da365337b398f1cab4e436b86f105215c812f0c77c3283e599e903c19d
\UO VnV\Gt_2310.deu,d725a768a6695c216d1513b24f09230ef24b82be58f2f26da40620116010fcd0
\UO VnV\Gt_2310.enu,0ed5f886bf7298da6a96ceabc4dd8f507aa5bc4258714d9bbeb8857534fd323e
\UO VnV\Gt_2310.esp,4e413e9938bd97ecb4f2635a395d335fb10fb5cd48286ae9197c75df48f22d6b
\UO VnV\Gt_2310.fra,33b0b85331815088539c75c368d3afc557cb48ccbdc727d33dce42801d645a4e
\UO VnV\Gt_2310.jpn,7b7e0c9551a10ff7e5315199877ba9766a9c8e86876fd9774f51fdf7ea723119
\UO VnV\Gt_2310.kor,75fc69561802e1140485ca51e7887519285568b8948db376dd2e9705b680e2d2
\UO VnV\Gt_2400.cht,1c9b5068a1b0b113dd698e8323e0dfae96d79d1a746a9e3a6cf3ad89d8fb10b0
\UO VnV\Gt_2400.deu,bcb119c265ca9494a33d6f7c73b235a0d4fa5329af990cade671ead8e56d5e86
\UO VnV\Gt_2400.enu,81eedcab77725a542ec81bc15589d2bc9084a4485eb5d4dd572cc009744beb8b
\UO VnV\Gt_2400.esp,e16840405df2b143ae4266e943db51dd51ca9d40d8a6824df0867707a5385ae2
\UO VnV\Gt_2400.fra,97efb0246df445945fef8129054d18a02e275389982288f0d481a6677b3cc904
\UO VnV\Gt_2400.jpn,f4d86c0d09dc87d097c61ba4d03142be0a13821aeedddc12c33e2f1a86c189ec
\UO VnV\Gt_2400.kor,6b1b57b43c2f3e4038798beb769bad729242512c58fb29533b0f417e99bb91e2
\UO VnV\Gt_4000.cht,441b48a424d3abc8e21983afd6a7955d62c632ff354a34e0e2836dc264606a11
\UO VnV\Gt_4000.deu,3a9296afb70da9d07f4d08c12caa7e0ba4a579b9806b6b5dde5b1b529c8832b0
\UO VnV\Gt_4000.enu,ef22e955f8c503241adfc78690abde626905d3155c4ca5a4bd83a3c908d622f5
\UO VnV\Gt_4000.esp,60fec828cc85ae1d8372981c68dab65388d4d8a02de13137f22041f2b09bf2de
\UO VnV\Gt_4000.fra,80022ff40dac06ae2a4811d4c3ba988ca1c6206a57c5232ed3a044f30d1b89b6
\UO VnV\Gt_4000.jpn,416be4cc0508837eb5ad96ef160c7679ede0bb67bcdf5bfdc8885777c33c6bf9
\UO VnV\Gt_4000.kor,4a1e95f4ad7571bdb53139dccca073f8c96a9a6948dda99bb72f8b7522598f64
\UO VnV\Gt_5000.cht,f1d16116a5b17f795a8faea33c11e97fcedfff74b56dcecaefc6e58c57927404
\UO VnV\Gt_5000.deu,8ea720f388eee5c36ab55c48456b6f907d5dc0190e3dd42661efabceaa25ac7a
\UO VnV\Gt_5000.enu,0c4f5ed30d1f9c2c0962d5a2aecf25b4970e499636d88a299fafc1a1df557300
\UO VnV\Gt_5000.esp,04d8c47ca01ab1e19d62f014ffaf4379fed4297f2d2f0df44771cd2c0efe2789
\UO VnV\Gt_5000.fra,4b78ed64fb8469089202edaac847fb1dade045878ffb92a565553867ae3a2c56
\UO VnV\Gt_5000.jpn,84b9a1d19b821518227c76981d8223349a3aa290b381d66419468c67653a26ec
\UO VnV\Gt_5000.kor,f9352a3c8d96b3d4be8b5e50dea0e873d5bdd9bcd2222b141a957ddafbc1dd62
\UO VnV\Gt_5400.cht,e56efd0fc06eb6d674666f8d4ac156c048aa917d666b37ed3dce12d1055fb0a2
\UO VnV\Gt_5400.deu,af55cec8be09aef5f11a33047d157ce16bd68ba173894f7dc107b1cf690c39d0
\UO VnV\Gt_5400.enu,67910e859f374bf7a087c743412e5afceb1e4bad264b62323449174c861882dc
\UO VnV\Gt_5400.esp,af6c003be05735ddffdabdd5e509c194245cd6aa701a665cac4dcaf2988dfd08
\UO VnV\Gt_5400.fra,74ff428bc90f6930c15e3ae0613f15e8a8958f18ce07f496b48bcdfeb4ce6185
\UO VnV\Gt_5400.jpn,7e2c5bedbc106c241ea9bda2dafe65e999e8878d2a9c37b0a2fbb50bd97aff84
\UO VnV\Gt_5400.kor,6b89c84a8606fa415d9d13844683a1799068a81deea62ff2c3698ad08f147ee5
\UO VnV\gump.def,2b2fcaf377614604337d5da3acfe511df435236559ace1e77c24c9c19b466775
\UO VnV\gumpartLegacyMUL.uop,78912eb9d494bd4a5e3bb60ddf69e772564c223c19a826d3be25811023249f92
\UO VnV\Helpindx.dat,827e10160b88c5c087e66de3041d3322fc51fdbb6813ba5aaba443f6d85cd5d3
\UO VnV\hues.mul,8735788e479e8ae500553237ed10e1e6389e01a7a8721e5a02c6ef1262b28c0b
\UO VnV\Igrping.dll,cdb77abb556f73cbb643abe99af4d898533f244e9bbe86a11934960e54f8a073
\UO VnV\Intloc00.cht,1e0977493e7280a3d78896709a5c5d0ef090602bc53ed63b93d40e3d97a4d998
\UO VnV\Intloc00.deu,5cc8dc3ec3f1d02c328d82b8497689ce93333d52606a31f8d5d040ec0b7a1267
\UO VnV\intloc00.enu,bd1037c479e49edcf856b577f252de8cf82d23bd8f6feb9764cede5c24b3a797
\UO VnV\Intloc00.esp,0e7e5a3ba4c790b2ad9b8f6067db1f4d58f55b56bed8567e82beabe681d52a70
\UO VnV\Intloc00.fra,21e6dbc3f3961d742397d8a9c4727c1d3e3401485f2f9ae368c4f6f0b71181cc
\UO VnV\Intloc00.jpn,f66699f53565f559e66629d80ae1def260155f7453996f2444ff75eab4c8fa66
\UO VnV\Intloc00.kor,654f354950b63e2fa7129d3b5a5be09df2d092b0e559151792f72a294676003b
\UO VnV\Intloc01.cht,45dcd04907ba418f754047db4ecc5e90d9faefe980014b1206e862b6bb1ef545
\UO VnV\Intloc01.deu,ff6112327af15b3faa842852698cbf722aa9320d3b8e6ee911c1172479966781
\UO VnV\Intloc01.enu,40a15469e8f80a1849a213b31fc70f2e9339328c73e51dc2d4a1a1f9703151f9
\UO VnV\Intloc01.esp,cfd737f07828e13ccb4fc4f1bfd710633e6a3716b27537a47f0a80d8fa1ea3f7
\UO VnV\Intloc01.fra,346e4c9e704b1d574c308c92fe290b4480bab94851c9b47546c9ed4c8e2a7a6c
\UO VnV\Intloc01.jpn,a1133fe3320797d120b4a4c2c01f273893c8ac49c7ee24bc711386c685e67d2e
\UO VnV\Intloc01.kor,64aa7e912349e4a3a86e632e52065f4af5a93fcce327f03da37f9129bf86401a
\UO VnV\Intloc02.cht,6f563e0462a0461241fea4ae0c45262c7d59f9bc2e85706a4de128f7a212d26e
\UO VnV\Intloc02.deu,20a546e6a552c71b7c5a36bfc6def3cb73df1175c1dd8a79bc352820d1470f7a
\UO VnV\INTLOC02.ENU,a83bbea1c88ba1009c38cfdff8f62c4ebd92a537247e0c6ef297f74ab5b5d06e
\UO VnV\Intloc02.esp,f6113f57393329efa10e4fec10d8f8e340e0dee11c99ac7c61ec55b3032e4153
\UO VnV\Intloc02.fra,b002201b946b452b5f26e99f2b3510a0a903c75b952c7cfe62a1f31eaf1798f3
\UO VnV\INTLOC02.JPN,523a923e03cb85324653c4fe4c6db0cb6600baf4b683f5582bd4c0c4cd6a43e7
\UO VnV\INTLOC02.KOR,b35cfe0de350ab28fc1ebbf8e4a0daab13ad8a30268357db81d0919a837530fd
\UO VnV\INTLOC06.CHT,bdc9174aaf4b0581fed67d6b3d26cb3d22c61a7e586d577c0071538d55cbb865
\UO VnV\INTLOC06.ENU,7003a1bd2cf75b78c38d76210803fe0acd86f74b7294d1806f4f9b9c6bdbc596
\UO VnV\INTLOC06.JPN,b923450ba18a5636e6a4d4fee1421658c8f7917b2b48c3cbadbdc4c7b65b4e1c
\UO VnV\INTLOC06.KOR,e3367c117e562db834d3ddf231cc9e99312427b1aa4177d813de50ecd8f7ce57
\UO VnV\INTLOC10.CHT,3ffc126f7fdf83146a658449e0be517664c251c98edc0d8fee49a4bb9ff4d244
\UO VnV\INTLOC10.ENU,78b2d0861866013239e166679412d4ad674750e2fedb6405c8f8a641a565db5d
\UO VnV\INTLOC10.JPN,4250d0fcf533fc75dce3caa1ade25f466f9431d247fb4935af6b744efd0a5e45
\UO VnV\INTLOC10.KOR,10aad96a268f987168ab155edcf2594d0ccf9523b3e781bb97d4eb5c3466acbd
\UO VnV\intloc11.enu,3a88378452ab1be9d7b65e5619c6c2615cdafd62a17bc7b05e4dbc822ce023c2
\UO VnV\Intrface.def,60bc39836f4b68a375d01159f1d29aab0d960d46628ab8f63d74b9ede327948b
\UO VnV\Intro.cht,fb94779ca3755dbd61bca58b4abe670c189710928b4f3c69939569e62df04809
\UO VnV\Intro.deu,86185ef50939438f6e9facac419ac7516b4e0534fc71ed9abb9b929d8993152c
\UO VnV\Intro.enu,24798fd2ecc50e18a8d6fd3234a6ec9973f4079fb151a3b1ba2bcfec54cf5c87
\UO VnV\Intro.esp,51a4f32e468cb2e666d2989f1bd45f71c9e4a333d8a8556f016740e88a218d26
\UO VnV\Intro.fra,3b55ddb6a9a26a54ec8e8ece74e052f0c815e78f72d5d7e967bfa1e6e3439415
\UO VnV\Intro.jpn,5763a9af0a8ae958c6817fcd5a16664bb4917d69da488ccddc4c6852bc3749cb
\UO VnV\Intro.kor,4b36adca0f75acd9d7a2589db6872a4d0b1aa41a03d21be8e0063669e326d21b
\UO VnV\Keynames.txt,8cba8885990796ea6300b09394d5fc4b70ee3660dbafd692e84f396dfc271a07
\UO VnV\Langcode.iff,cae80cbe4ad853af71c031e68e1e408cae59f7806dd07b9590560250457b36c0
\UO VnV\light.mul,fa766be0fbd6626ac6b98e3cca025a907ecd89b060c8daac01f998cd2db14af8
\UO VnV\lightidx.mul,3bedae724e5f7fb75e678a5445bacc38e4b1fed082e5d298cb34486bfcfcde75
\UO VnV\Login.cfg,5d3a6c153d84f52bf410910e03567a8e9c9e6b7f0b3160d5013e395c5f78fa3e
\UO VnV\Macros.txt,0e44c97e0bb97c64365c1ab8e1bc5af8d28e93ddfcd1a38b0eee03ff61f82544
\UO VnV\MainMisc.uop,ae5743dc7a653a92c6c227b6c60d9587b1f027b4d162b30d1eb027a985237fc4
\UO VnV\map0LegacyMUL.uop,c5d9f4ba0b51f741513ddb1d7ac354c2c3f35dfdc8de0a556035a8d050dfbd50
\UO VnV\map0xLegacyMUL.uop,5305d7420460852e220ebc8844a522d8abe42ea377b2a80fa6444305ba0d9cef
\UO VnV\map1LegacyMUL.uop,06a9227aa8d48db38cbb273efdb2b3bbb1e470162bcc649a4139074005f7f061
\UO VnV\map1xLegacyMUL.uop,8450f41fc8a85dd544f38c321986bdf762f7206e9e8298cb7242917e3f56f06a
\UO VnV\map2LegacyMUL.uop,b3abb8fe4b7516d463ffe5a594b6b3ace2869a365dc35940d3c9f3f722b52d03
\UO VnV\map2xLegacyMUL.uop,cf1b08542f4ff16deabc81c7663d40a0de508cbda9145854c5cd4b75d6736cc5
\UO VnV\map3LegacyMUL.uop,f2d672b0d677dca6287bc44fa5f0a3628883f862a84cd60c549425b6d97afd17
\UO VnV\map4LegacyMUL.uop,47ee0098f57791621b060e769d8d47cb837d6b00a330da36e9cd0c36a80c2127
\UO VnV\map5LegacyMUL.uop,484c445e96d08f467fa30bedb13a3c7748deb80c896e1e2c0ed5e8f1e35a0901
\UO VnV\map5xLegacyMUL.uop,42021368c7e5e62cb7f38d8116557539c2be7f98515d0533f58796c1b2a9b4a8
\UO VnV\mft.myp,31f5a56e7ab48dc07be730901c7d293fe25170dcd97c43766e429942a74664bb
\UO VnV\misc.txt,9de09396bb4a002ae3f72149d8140131d099ef6ef629dd48666e0883e838ff84
\UO VnV\mobtypes.txt,2227f38034271c2cbde4fd566bfe2602403e7bafae897b158f1d31101731b732
\UO VnV\multi.idx,4e28b9631b5e3143b5a77d923f5896246cf114bdad2dd5952e7c22b9899180e0
\UO VnV\multi.mul,2a26f4def2f030ec7f96057fc98a2a59fac1561848f59a3e45f477a5e1f8b7a0
\UO VnV\MultiCollection.uop,d0695a4de50c5c03f153768bf80b94c9c8322e098fda9d69e3114b465fb62dab
\UO VnV\Multimap.rle,f5e20a50b9ee8a282f0b6563a0e625b2deed0d1a5f0438115d27455198484ccf
\UO VnV\Music.def,bfa505efd4e434104f2079356737ddf40b70c7b19a41aa67eeb89d600b88b921
\UO VnV\Obscene.lst,597ef436ebfccdf3ff339ee7c56893662c7bdcaca08d5933e1c9e0631cce5225
\UO VnV\options.cht,46ccba790689d30b1f26e9a659c51934209698fb182c236c60ace9c177af2c71
\UO VnV\options.deu,838f8d887826a1e22549740dc3a631326b6ce3dbce2ef5786caeff4fa5ab9d1a
\UO VnV\options.enu,b5257684a513504b994305bf265129c47bafddc08fc8c0761da810bbffd0d861
\UO VnV\options.esp,587fe596ad2bdd36f3b4db2fb93fc79d7f778ac1a97834c2f54626164c19ee27
\UO VnV\options.fra,47a76504540af680d07c447b87cfd12a4a155f3314758a71ab4273d9def65eb0
\UO VnV\options.JPN,c7ba7e7781e15c90dc196b572e9e94918b3ee00bd5ddc723755016bbcc11de3c
\UO VnV\options.kor,68a9a7961b3af464a195297925fbf4a77a39527240b43ee049ea2fb76bd85b85
\UO VnV\OPTNUOTD.CHT,24f5436ee2a7931acaf6b55d6e3df3fadff23ff64ae5f121bd91879cd20cf56e
\UO VnV\OPTNUOTD.DEU,8c664942e71c502c1f50e89e8dfce17e030a8c07e5846ce703d6959f4d1caf1d
\UO VnV\OPTNUOTD.ENU,ce66ef0e0712263eea481792ea27de7e2cfd412e8016042e30dd95df584b53f4
\UO VnV\OPTNUOTD.ESP,2c03556e7c21ff3b62dd0955fe1e867d79ce4a9ab3ecb9820976c5a0238b0f57
\UO VnV\OPTNUOTD.FRA,c5c8cd40c2684b8e760f4c97de0174a2b8694a07e47b5a41ad7eee6866f7b2c6
\UO VnV\OPTNUOTD.JPN,7f16c9b324dde5d8273c7b03acdccdc35fde15a4b9dc3ba68f9f13d98dcc5e41
\UO VnV\OPTNUOTD.KOR,9ab7f6d0dd795e7e5b23c90c64848203ce7a98d479032c928791097cf8ed140c
\UO VnV\optuotd.JPN,7f16c9b324dde5d8273c7b03acdccdc35fde15a4b9dc3ba68f9f13d98dcc5e41
\UO VnV\Owo.exe,9d4af73194cadab9fe06a6367b624f4641aedabd1c420b08d1e5828405a5367d
\UO VnV\palette.mul,7f9b3cfaf03c1ee37d4566f9a8ed5860a308ede22ab7444b876a736f67a1ed5d
\UO VnV\patch.myp,e10b6bf9cefbe8c92d08e9f332ba46178b3bbcfa3ec773b768b2a1e9b3b2f865
\UO VnV\patchui.dll,9310deb92c0694729e2611bd2972ece8cad1ff381539f77fff7c77bb96e6baf4
\UO VnV\patchui_win.dll,9310deb92c0694729e2611bd2972ece8cad1ff381539f77fff7c77bb96e6baf4
\UO VnV\Patchw32.dll,19486800845b74be3487f1319d6f249ce85e8b47df586dd8e9b9cbb46875ae93
\UO VnV\Prof.txt,bec323eefa57bd47391a48bc57d5d5b451c7b269fa4dcbcf987ab51532432c81
\UO VnV\Professn.cht,754d8f643ff26fbcf336fa1c00efdc4aae92f9562ce207f8fd0f77c64327ebd1
\UO VnV\Professn.deu,1c2e794fddd4d0bef1bfdf8b0e2f2715d73ca5f3897b1fb5cb81b8267024c098
\UO VnV\Professn.enu,3da9be1912b7029b4ee4ad23af4addc5a717a8f1ee542c64aacf1b5d69bbb9bd
\UO VnV\Professn.esp,a1192f1e60ce04c6e29619bfec27757e188df621d9e9527c4a8c629555ec67d3
\UO VnV\Professn.fra,bd67c87c99b67eacc6cdd59dc96bf0ee5c8ac3d92735e8c94d2e5e6211fc0280
\UO VnV\Professn.jpn,bae8ea1e8ed93ea27f73e437e020243af68730675cc6331feb899a95952c8936
\UO VnV\Professn.kor,e6cc1ab21ac466f6594837e7be897f3f7d58470e059cb3abb65d5a93f0880323
\UO VnV\radarcol.mul,517aef450e48c14de5e7dbef66d84da7e894db1c969295ac11a8cbd8d46f9eb0
\UO VnV\roof.txt,622c19a7d76b1d573acc157ff097135c128a984967bffd5b9c4315abc987bd51
\UO VnV\sjis2uni.mul,62948227429ebbae79cfe287d79eaf8dbf753ccd065553726ceca6caf2102d4d
\UO VnV\SKILL16.CHT,fbcadadc375972b04c34560b42ea3b2767eaf4616b8354d996b3ab0b26b7bb5d
\UO VnV\SKILL16.ENU,3ba94adace989f3e97f8e387f1fc4a2e4ee3a88eff5b37459cf239cc4a6daa69
\UO VnV\SKILL16.JPN,5476df00c327b9366fd188582041ffccac9eccd6d781050ed8ed2275dd3f20b1
\UO VnV\SKILL16.KOR,38f21e680aff6087e91872d0ed2216f1da725f570d07e7a62a8c1c02a84e16a4
\UO VnV\SKILL30.CHT,01458c5ed0be9da736e0bd1c9a71bdebf638b41b96582ccdecdaeaececadaf95
\UO VnV\SKILL30.ENU,326aac0752a118362b452a40829c2f5db057d640e055f9db48bbee785ae3685b
\UO VnV\SKILL30.JPN,9dd6ce89ea7ac5c002b9227925990106724fdd90088c3a4f3757966876c0deea
\UO VnV\SKILL30.KOR,069af9da54a92f90dc4f645afaeafb37d0d1e7585869c5e6974976fe1480c393
\UO VnV\skillgrp.mul,d04243ac937c86ea85fc7b13b5edbbad2471c23fcdd4892c1515a5024c892912
\UO VnV\Skills.idx,68df415c256c9bc518401184c880c3f0fb2a92a7ffe143f66e2d38c224d74c90
\UO VnV\skills.mul,49ba0db15a4278ac26a93398ad851ba3e2a1fe133ada90fd4fc59536aa235be6
\UO VnV\Skilname.cht,fa658ea5d88fa55e1fe492afd1d921d0df38ce0137d74121f5f16c460c8786f9
\UO VnV\Skilname.deu,bf7ad307373b8bfbf0ee2639668906572349acbc9b78d8a5ad2873e06b233307
\UO VnV\SKILNAME.ENU,ba6f552f4fc1cfbd12dccf410b61593552634bf560ad62042f8b2a18ba131fe7
\UO VnV\Skilname.esp,3cb9a71c29a3522e89f6a60e263fbd85527338672a90ed667de37dd9cf170a6c
\UO VnV\Skilname.fra,8bec97f8049b76534ed3d91250e070c2b592f3b55ed730b6d68f62cc457f769e
\UO VnV\SKILNAME.JPN,2947df6849eb8b49edaa87174ccf582d03dcadcca90523765d0c9c983c8762b7
\UO VnV\SKILNAME.KOR,8169b293134365dcc3700fd846a010f9430dfc1ba059cd92d6e4e62cce6342c1
\UO VnV\Sound.def,ab80e0243dea9d28fa0cb780c538bc144c614ee275370bbaecff95d8b183461e
\UO VnV\soundLegacyMUL.uop,961954c25a76e8ea8864c7495e51f74f60dd899e351e139429b6bae12a49c22a
\UO VnV\speech.mul,ba75c8c9296e4d6219f416b86e04af8df56d3f515904b6dec64681453a297db3
\UO VnV\stadif0.mul,5ebe135be96f2b9ea9e56ad80ac405e6414e13a14c879e820d9231dc015a1496
\UO VnV\stadif1.mul,25fba69d2f136932a197e6b6a902700b2d0fce1960750818070d96492f7783c9
\UO VnV\stadif2.mul,c2eb6c27c34311d2d0f68cb4e2d34a5825baa8d3ef0b5a9fd3455c8cccca1bd5
\UO VnV\stadifi0.mul,1bd60b5bb85027435c6b74ff7213e2e368bbe914dfc418f23529bbb556c1eee3
\UO VnV\stadifi1.mul,cd93719f41db33c1c985ac62012bc001efa0287d1c0f8329434cd082ff635b1e
\UO VnV\stadifi2.mul,ce272438c5ab36ad0e22c27373d206bdfaa5147c0d72ca7d269941878e2cb9e1
\UO VnV\stadifl0.mul,dd892b6e46ceee94235bb4a847ddb3b5d78188772a621c3048e68be1e78988d8
\UO VnV\stadifl1.mul,c464a2a346957829a6fa8a0f8a51f4b568d7781a78f91f9c261f2de2dd88bced
\UO VnV\stadifl2.mul,8d291d6108ba80fd07e9c717d7c65cb9874bad04e7608a5a6b4db6cf6ae320a9
\UO VnV\staidx0.mul,9433130f2c8d5275a5abac91eb7a93daf5c91a604649fc1a35b4a53c0e359aba
\UO VnV\staidx0x.mul,98680530f6d998543a010620ae1928585d7a0266119ef46e03b0c8799a8118a3
\UO VnV\staidx1.mul,e01524bec9ea7362628f61e7dc2b97998535e2c9303c70595d3f960a1eee3505
\UO VnV\staidx1x.mul,36443b0fddfe002895a05b89c20961b6c96f78f03a6d6de892a1f9b52c15c0a4
\UO VnV\staidx2.mul,7965f58fdbe393227f1adefd96f7c401bc0520e4fca8fabe98b12f02c2ccba76
\UO VnV\staidx2x.mul,7965f58fdbe393227f1adefd96f7c401bc0520e4fca8fabe98b12f02c2ccba76
\UO VnV\staidx3.mul,de067cf462c2aa831f72e332eb808c52e11c1faa68861ca5d540179b4c1683ad
\UO VnV\staidx4.mul,1521f3e40fccd78c530a090136fa85fc2b436c9bb19a135fe7357c9f19b46282
\UO VnV\staidx5.mul,d6735911b2a9e763dcd8d91ddb040d48fb4a2e6b7fdae12f4271011e58c56cbe
\UO VnV\staidx5x.mul,d6735911b2a9e763dcd8d91ddb040d48fb4a2e6b7fdae12f4271011e58c56cbe
\UO VnV\stairs.txt,7fdd445000433b3e33cbca370a9cb955174b0444aa54195a7a58f722e1aef2dd
\UO VnV\statics0.mul,c896728ada5b63a9a41ca5b6b885f812442542d5af3099169d65cb780ab0c3d6
\UO VnV\statics0x.mul,5b4ea236fdaf841e7e1c8f43366c9f06595c6addc1077c5b5b419e56b7c034b1
\UO VnV\statics1.mul,8d5113e4733a311d6328a271d3473f1e6139aef8ff7af02b509f90cc34f3321a
\UO VnV\statics1x.mul,954f691d884319723f9da9461119dbef629652b94e92c1e12c94145a0924ed90
\UO VnV\statics2.mul,e9fbbe216ddc4eec9fad2f886f39654bec84806886cf3abcaeca45df300c4c73
\UO VnV\statics2x.mul,e9fbbe216ddc4eec9fad2f886f39654bec84806886cf3abcaeca45df300c4c73
\UO VnV\statics3.mul,c003ddff11a459c1c76c68615c350dd5c7a3e5a7f6112fb697de5e04d4239181
\UO VnV\statics4.mul,e09b2d0c057910d3f4c7c86e0d0f1e0be16af4cd29c14b5d975bedefd67a15b7
\UO VnV\statics5.mul,1aa4d692ffce66d628b39e5b30bfff51d112261f82057c794408337eb84baae9
\UO VnV\statics5x.mul,1aa4d692ffce66d628b39e5b30bfff51d112261f82057c794408337eb84baae9
\UO VnV\stitchin.def,dc1f4ff4f44e07de33952197b9c71f5cdbf7983408df8d75f86c10e89f8d8714
\UO VnV\string_dictionary.uop,73fe5c1a6946d5135e701263c0d0fbf788c3f516416094ca9f4e39bd59759fc0
\UO VnV\suppinfo.txt,70dd79de7d1b3542b6f8a06f5eadfa13828f66af05f739e05eb3a1eb2c169e24
\UO VnV\teleprts.txt,3a2b84d14171042378d8196d5a795a78fcf21bef8f18d8ae688a4dc4e2752d8f
\UO VnV\texidx.mul,3f6fc4237cd6a68b4a7c1536ce3f08f25ede8ebe72b0d9b41c2fd57946c309bc
\UO VnV\texmaps.mul,b901da766b9d5618f794229b86aa33e58fe575f04a7db533a34b0178b90bfe32
\UO VnV\TexTerr.def,6e5440326e5c813028b1c78e87631cc042ab0661ff180cbf89f565d314fd7825
\UO VnV\Tile1024.txt,e11812f888d5cb65e8975df34d321efa3557b5fa7182a148660965efbc0af5d1
\UO VnV\Tile256.txt,c21b438c36467d29ed28d2426d0e68f220406dfee10680eccfe45fb09d65409f
\UO VnV\tileart.uop,19ac210df93fd22981c8db8a16701659e2cbefd095e8c9ffb022c578232030d2
\UO VnV\tiledata.mul,d73ddc10ea7ba73bc4096c545c11e01a79d0002014f22731b689f473ca3a7f5b
\UO VnV\Tilehelp.cht,62af5dc90a11d1dcae725395083adc3135035647903db880739634bc98b4db6f
\UO VnV\Tilehelp.deu,fdc0e0e0e7c41ae927a90c43dbad3cf64466f8e009b4a7d150ef495daec86d1a
\UO VnV\Tilehelp.enu,d4de5b6804bca37d49c23da66303669396f7431cab4961245f0339f946a027f0
\UO VnV\Tilehelp.esp,1c7fd41c4c31e217ffc65583889a76bd4faa8a1b6da405c2f7cd18820cd2da67
\UO VnV\Tilehelp.fra,dc7261d73b7c772123043672e528541ccb01156246bfd71ae472689a18a332f9
\UO VnV\Tilehelp.jpn,8715a7b832ee4cf7b58f0fe93540129ebad5191bbb4f4a3ed46f8ca066259127
\UO VnV\Tilehelp.kor,cabb84bcd35d30e62c68ab8e33f9197fe9c494815c7e93ab926b2f5e46a3ec9e
\UO VnV\Tooltips.cht,0d9f5fab6b49ff66b7d97bd6c2f7b11fdc3dc241a6de32f796a39751862a750c
\UO VnV\Tooltips.deu,2463103d8e8a34c32dd263786a07e6d314ab86597a0f91861becc2e2f9296391
\UO VnV\Tooltips.enu,ea41e845a57cac83c85e619ba96206f8e31d4f1f867012d2c3c3c676b1de40a0
\UO VnV\Tooltips.esp,60bc3a59a8d570bc67c309dcee86063adf5cd9642a6395941ffc325652d11cc2
\UO VnV\Tooltips.fra,5c6e56f22096e2890bc5f7591291b28c7c3b0b6126c074a6a68dba73e5dea02e
\UO VnV\Tooltips.jpn,81ea9f5776688e553de1aa69a6c53f54418dcf9e880adaac5d60b2ee9c8a164d
\UO VnV\Tooltips.kor,e1e2b7cd7a69ff0dbf6b2bee31a7dc70996060cfe92883d91f8830d770e51860
\UO VnV\Transerv.exe,36cb9e331e09b8d63b246e49875347ed693c3d9ab81953bf28ec17d110fb90d0
\UO VnV\unifont.mul,486b3dfc2a72f1c12f34c2c4329f6921606678787d5ff0ac0e6bed9be9827d21
\UO VnV\unifont1.mul,b518c416abeb372d5c4831810004728ca2722e3683ebab98665a6aa0ada51149
\UO VnV\unifont10.mul,610537075831379b62be290224845aa2bab69d5af6081cdf9b77ddb60a5ac8f0
\UO VnV\unifont11.mul,20d889dc221cceb63070bb0d094e03ae9983167e13cf72ce7edce7968ccaf374
\UO VnV\unifont12.mul,c79f65530d2564d1513de887563e51d9035373a5fe8d635970bba9e9a959e1a8
\UO VnV\unifont2.mul,8ba967aa18fa62550e419d8b8ccf5430e91bba27129c08308c505586ef41e652
\UO VnV\unifont3.mul,1b12536569a1da54d88541f22101bbb75b919cd0b048babc9c9d16e18d96ba97
\UO VnV\unifont4.mul,be8aab47dedf2c07a7a771326c79b23c36431bc658eb60a135d36305838abce1
\UO VnV\unifont5.mul,c3ac51c51a3c65cfe3ccb3a71e79f1f1786f9031b3135f9574615b29ec70a6a1
\UO VnV\unifont6.mul,34a51bcd21d04eb112591427e17ae6705100378c9a3725da301c608b4ca1282d
\UO VnV\unifont7.mul,f0eda87d7c9bcc0223472377b277365930deae4e951cecf48445fcc4e06957c8
\UO VnV\unifont8.mul,cf55ed986fdba758ca9423121c427f37d14a2a04dfd11f442b6bea922684255d
\UO VnV\unifont9.mul,edde46f585be9aff5702582653a50c55eee0e864d905c9b4990c03d0e2643c21
\UO VnV\UO-patch.cfg,936d7c98fad0ea290a74fb9dcdc11b506491af27d353ad21f358c539ed58f69d
\UO VnV\UO.bin,422c8fbbbe2105c4486bea88c9a6dea27a0e07d233ebd96f3f659143f3d83417
\UO VnV\Uo.cfg,25ab77b4b2c1ac3efb92e1af492467fca8b428d1becae799457e0f7fe3002f61
\UO VnV\UO.exe.manifest,51e1759297609aa396a83eb4ce1db8f662b754fdd9e0b32acaf02130d3863ffc
\UO VnV\Uobscene.lst,82e067e387d8d265edb2fa41cf1a1c91d1ed120ca715bf6fe5200d56a4968ce9
\UO VnV\Uomax.cfg,6199efff819de0d4c090c7b3fa8de06a3649ccad0bd93fe35283a96f7b182461
\UO VnV\Uoreg.cfg,cc6a35de0d79bdfaace36cc8b721c374c466af00cb52163fbe36a5a9cf5350f9
\UO VnV\Uoupg.cfg,811e4009b5a2158cb94db126fb717a7894f6907d7c26a91a6dd55c2719009e39
\UO VnV\vercfg.cfg,80f523d48b266af3ec423914fd41f543345fb0d4786eee59dc2bcfd56d08ca03
\UO VnV\Version.dat,20833032bd75eeab4f3227d41e580f40113fe548da70f117edd9beae52e61f12
\UO VnV\Version.txt,7745124819e6aa6c3ac9187de19cf859b5df50988af6c6dbe9a4f5a4a2ec3c40
\UO VnV\walls.txt,609c1f075e27cff5511409fb67896d922eeb5fceb4bd1bf57c9ca980bdc4b86c
\UO VnV\Data\assetmap.xml,902b0a3f1c1cff66d57c31dc74f34494d7979f97b25f59b603963b66e7541de5
\UO VnV\GDF\UO-MCE.lnk,133ce57ea0656dce57adf0436fd38c0abb5bfab0e63d5f7e55ea3987ee4e64e8
\UO VnV\GDF\UO-MCE.mcl,b038d33805f18b41c0f51cabfc4a0b5efd29d399f55947837bade3074d660de1
\UO VnV\GDF\UO-MCE.png,9bce6f6a93d0815bedf9cd85904302da604405a3b7860e3faed59c0efac9042e
\UO VnV\GDF\UOClassicGDF.dll,918766ca41c4d7a39980afb3ae7c3360e3646ff0583f86283194b22fada8aaa6
\UO VnV\Music\Intro.bik,240c88c723ec30ca0fc1d131145a2fb6c265f1698139ace8fe9c14d01ec520c4
\UO VnV\Music\Digital\Ambrosia.mp3,802e7f8f2ff24c8bae5fc6ab39bddfeec63e11f068689efe8c9bb0aabdd035c9
\UO VnV\Music\Digital\AnvilStrikeInMinoc.mp3,1195cf9291a8bdd9fe86b4471c003977762cd77cb86bc2f6a78f20cb7947bd48
\UO VnV\Music\Digital\ASkaranLullaby.mp3,b0a873cf09532cb2d8138ef18d70c9cabd6b27f9c373fafd68d663ab01a27ab1
\UO VnV\Music\Digital\BattleOnStones.mp3,835a50b28ef44691a3bd7e7f365e19af63370c5991e1b3b233116db9d2cb86b8
\UO VnV\Music\Digital\BlackthornsMarch.mp3,82c16544fcf05901710e8577b06b76db55a8acde51b35e1ad121b555405215f1
\UO VnV\Music\Digital\Boattravel.mp3,e7fadfb513030d8f547f9f1b42fc41262ade3c44725d9a6b0b5cef77599aa7e2
\UO VnV\Music\Digital\Britain1.mp3,6a53597943e1fda83a8cb17b561d061dfca8cfe3cb73fdf613068726f75ca225
\UO VnV\Music\Digital\Britainpos.mp3,521d0d2c53788e5368a337fe5893625e57f115a42119fe90a3099a9a5ba41d1f
\UO VnV\Music\Digital\Bucsden.mp3,a031ce8dbfa4646ec55df2003f1047f067e4ef96708b1edeb493a6d5f0d3b7d8
\UO VnV\Music\Digital\Castle.mp3,20d2fdbcceee77272cfe686589d0e6f94a16dd87dbfd8f7e4738d83ad477a54e
\UO VnV\Music\Digital\Citynightedit.mp3,ba28554126145b4678e13d84152077c46cf19fd9e59370fd86b9705b3374d090
\UO VnV\Music\Digital\CodexShrine.mp3,8b5cb17544d85c57e2067e02a3c10f96f7bcd5482950368ced6ad9cea5db815b
\UO VnV\Music\Digital\Config.txt,b2481acc59be86cc12f52d82bae23eb0f4a4de312512ead65ee4496149ab7e02
\UO VnV\Music\Digital\ConversationWithGwenno.mp3,2e1cabf053e39ee1e0afc6887437fed4e4ca2cf40bdcf74d3b99559e3f5a6927
\UO VnV\Music\Digital\Cove.mp3,82a654ad6fef8c259192a21d55aee828cf4cb8c318d88142fd77b598f2c5d19d
\UO VnV\Music\Digital\Deathtune.mp3,154c9e7137734e609ead6ad35ca4109f23745a0672739d5e74c0a39a058b062d
\UO VnV\Music\Digital\Docktown.mp3,02c4b92537512e92226be41c2dd2a854fe7c0d80ec0c5bdfcba788d02f9f9b08
\UO VnV\Music\Digital\Dragonshi.mp3,825b3e50715e312046e43243964841b9abafe8096d556ae162b0ff5223dcb820
\UO VnV\Music\Digital\Dragonslo.mp3,fd5e2034c3ef55229e0dad5e3865cc482e8c6b7d4f89c37043aa3e974929c3e5
\UO VnV\Music\Digital\dread_horn_area.mp3,ec78d21fad8dc3ec3540e9d6e82bd9c4872e609fecb957f68cd5206d33d8dcfc
\UO VnV\Music\Digital\Dungeon.mp3,16f294d4e28e3efc887712dca5029b8b1db2c87ce6c8cd5fc71432535d8babba
\UO VnV\Music\Digital\DupresNightInTrinsic.mp3,5ad087b1f750aa753127b06ba7c49949c3e1e1264b10d2f36be3fd8971e90fb3
\UO VnV\Music\Digital\elf_city_1.mp3,230c426261528e39f708fb1edfda9210aca3fdaf6421c8584e12fcc267676b81
\UO VnV\Music\Digital\FayaxionAndTheSix.mp3,099d21cc90e56df0dc9615417d1944ffd1846fff56decf96b9745047ae3a6bcd
\UO VnV\Music\Digital\Festival.mp3,088626cece0b5c8d0630c57c155d22018f2c2adc16867152342db2a2ae71066d
\UO VnV\Music\Digital\FlightOfTheNexus.mp3,dc74968450a0a5a7cad31cddb727d4e3d2648ff94d3f0b707ce3ea96916dce4b
\UO VnV\Music\Digital\GalehavenJaunt.mp3,cfcd46b5e47aff5c0d217d5ee4dc9b75571e52c99a7fb53f27d87f057485cf25
\UO VnV\Music\Digital\GargoyleQueen.mp3,b8222586902257a80e83dece49d719331bb3be7cb96f52442f714c3b950bc6f2
\UO VnV\Music\Digital\Gargoyles.mp3,8e41c1d99adb8405ebe4ecacac7612d71414ce5f301191f3b5adfdc5b28cb404
\UO VnV\Music\Digital\GenericCombat.mp3,ba1f67786f12e83b87f92cb4315630add3c969356a9a2bf5d815fc014bb29864
\UO VnV\Music\Digital\GoodEndGame.mp3,60c9a99729dfe3bd2a0ee8046310974b12334e083750266dbdee174b10f07d68
\UO VnV\Music\Digital\Goodevil.mp3,52777b0896956e8a13e74a313e0d42f9e71f937b65322795b09f191385aaa29d
\UO VnV\Music\Digital\GoodVsEvil.mp3,486191b9f58781c97c82178f5736a7e282fad90eaefa9251b3f118649d2f97d4
\UO VnV\Music\Digital\GreatEarthSerpentsTheme.mp3,c58fa4b2e02e9004d420557d304405e7751e23689e8f6b37d9e48cf65ef520ab
\UO VnV\Music\Digital\grizzle_dungeon.mp3,dad8c9c26238a55211c5d67bbedfd3070b2416e18bc505f0dd9bb2906dcbb949
\UO VnV\Music\Digital\Holycity.mp3,3b64d65f5d45a07bc5009f745fbed159f504f64b2d7346d58d0bc9828c9ee3b5
\UO VnV\Music\Digital\Honor.mp3,2d26cd086fd4f84e16d2ed8cecac67e9c85538093b3d48f642d262c848f5e853
\UO VnV\Music\Digital\HumanLevel.mp3,6140c3e538d6a7be6f5dacc8c3ed3040f65a69cad8bd166cb0e6b064ae1405a3
\UO VnV\Music\Digital\Humanoids.mp3,a4a79cb6c3f451116050cb9e2fd8fac3dd04bc9818079eec103a6698712ba468
\UO VnV\Music\Digital\HumanoidsU9.mp3,93ea4795e2e35959e1984078c0963213b43af5407bcacb0bd6b37da679c451aa
\UO VnV\Music\Digital\Jhelom.mp3,9ee43ae09a46a3cd680118a983b178a998912bb04bb88602be07b82ff9b46a2b
\UO VnV\Music\Digital\JhelomToArms.mp3,5babecb0d27a020455a9a291b98631d3a61104e4653f71e669df5e4fa8217e31
\UO VnV\Music\Digital\Lbc.mp3,232f40f24a7a600647c6158a766c45937fa764f4c04431b4df76840941c5957e
\UO VnV\Music\Digital\Linelle.mp3,e630719278e2572e04ce2f72ef970054a042899ed0c66e9ed798087d7fee7bde
\UO VnV\Music\Digital\LoginLoop.mp3,66b651bc472b9b48abe3f87fb5850232e87d33e0a89579a9f5cae40009d41f0b
\UO VnV\Music\Digital\Medieval.mp3,b08f6315447a3c93d58561a3e06e8462e12b2778bb598bafded8cb9a3256a5d3
\UO VnV\Music\Digital\melisandes_lair.mp3,f3764e035f67defbd16ff9298c8657cb26f86aa6ae778688736966d89b9609e5
\UO VnV\Music\Digital\MidnightInYew.mp3,bfd5a7e93772f5bbac69d3f22e634cb95a717b3e53771f96ab3420bec49d6c9f
\UO VnV\Music\Digital\MinocNegative.mp3,bf2eb05a4b24102609fd5559371aec72c304fc5583ec1dde41db55f57b0b84f7
\UO VnV\Music\Digital\Minocpos.mp3,d0bc5ae86b392cbd6f9610fd2bd478fe37205a1d456a5d9101ad39a56ac12969
\UO VnV\Music\Digital\Moonglowpos.mp3,26609a919db9692eaea4a756efd8f3cf87e5c952b2f95fb80a98732b8ab0f395
\UO VnV\Music\Digital\MoonglowSonata.mp3,ccd606a6d39b74a8e6dd38ff10b879ee972cde70f74d734c71ae7ff92acc73d6
\UO VnV\Music\Digital\Newmagincia.mp3,b5fec9730290bd8f590d2f44c7605f2d73b45031a70ba8ad114e9672404f98b6
\UO VnV\Music\Digital\NewMaginciaMarch.mp3,f9884efad319b3bee147eff31617e31ea4bf2c8e0e1f95178d71aee0eafcf206
\UO VnV\Music\Digital\NorthernForestBattleonStones.mp3,fbcc1a32d9e7eac6691ad5f626e3322f252201966e791a5145a48458f670f2d8
\UO VnV\Music\Digital\Nujelm.mp3,315dea88c38e8127ce7fb40a2e33deeddcd2b64e1ac0bd233b16463748363aab
\UO VnV\Music\Digital\NujelmWaltz.mp3,9f97dc153c9cb19a82ac0b9ffbf8e5848053006e5f27d92c2766736c19534bde
\UO VnV\Music\Digital\Overlordv2.mp3,6dc195840db24bdc5ca5951af6a9c4411a663e549cd7a8dc2dfb5178b1376e1f
\UO VnV\Music\Digital\paroxysmus_lair.mp3,d71bd900b27130b0a7e1ffe658da0c6b3734fd649c6dbb3286172ac6ca714741
\UO VnV\Music\Digital\Paws.mp3,9d58ed5c95a8814e29dc1cf8c1b4807d4fc20dd3ab7145328f1cc02fa475164e
\UO VnV\Music\Digital\PrimevalLich.mp3,cad6659832a436920bcc129f4d5c34a5a8f7f91532f5a027888d070296a58f4c
\UO VnV\Music\Digital\Pubtune.mp3,0de07f79c308873fba74649191eff16d3913ce4df870ca5a1cfd015a78805393
\UO VnV\Music\Digital\QueenPalace.mp3,0551f1323850286b9e52a1b95cd6f20f0a29c766515b3b41e09408ef8895a6cb
\UO VnV\Music\Digital\RoyalCity.mp3,2a148f9e330e89fb2c2c5f58112ad4c8fa57a6c6826b17b262b2d7630ad46b8e
\UO VnV\Music\Digital\Scarabreapos.mp3,3dfc255dc2a06f4040cbd9666a5805e962a4ed13e9f19410cbcd4834e8ca5e4b
\UO VnV\Music\Digital\SelimsBar.mp3,853ae91e214857a7800cd1001c300c636ea28bb09852a127069a52fc2705f3ac
\UO VnV\Music\Digital\SherrysSong.mp3,b469b2a86f8bb2637f0ff913b64ea4c062afb88ede8b36056c90996413f0a309
\UO VnV\Music\Digital\SlasherVeil.mp3,cb9a31505e5223a113fac33ec21bd4590b19b9acf18d5414da71a9e3c0208684
\UO VnV\Music\Digital\StarlightInBritain.mp3,8ede2a9b7cdb06a9e32816b263de47ca38c8f54c0e280dad18634b6f8c106b9c
\UO VnV\Music\Digital\Stones.mp3,bf7ccd1f8c766f5623163dd9733d70994f0a2dac45a8b45cc02d4208318e39b1
\UO VnV\Music\Digital\Stones1.mp3,2773da94d629fd836dec0f1c1bbf0ac7b1fe14bd1f9bc7e0afdd9baa8c99b53f
\UO VnV\Music\Digital\StygianAbyss.mp3,2cec30d8b851a2f5c466ffb194ca252af71f92d47eb34de11cb9a4d9e5a834e3
\UO VnV\Music\Digital\StygianDragon.mp3,9003f3f7aa1e3cac9889c74228910682ab112afadc529aa1734d1aadb9e77998
\UO VnV\Music\Digital\Taiko.mp3,6c85ace46bc7523cdf2d4d86624129f0a1ef6e00fdf50ab25720b816438fe86b
\UO VnV\Music\Digital\Tavern1.mp3,43c2781b94274bec137fc138f5a0abc3f3ca0407c9fe4fcb166c66f94f7fca08
\UO VnV\Music\Digital\Tavern2.mp3,004fd9d6461333efff5958c5be4ba23eaa373cfb54165a99a31b6cd943c526bf
\UO VnV\Music\Digital\Tavern3.mp3,b4f70d574899790fbbad5638b5eb4d540a291eb60e2d00cbbfcd461a9e8a24a7
\UO VnV\Music\Digital\TheVesperMist.mp3,9366e543424b5a509209c15cccddb88f583f151d7f5893aa69c48c068f61c627
\UO VnV\Music\Digital\TheWanderer.mp3,9e6aa817958e04a2e99c991062b7b9dfa5bd498f246b7389dabba3f4836a1b4e
\UO VnV\Music\Digital\TokunoDungeon.mp3,661db702715514792030ceeb069bf2021f553e674a764697d10920ef56dd5788
\UO VnV\Music\Digital\Trinsicpos.mp3,4b5fc0cafc70ca0fd87db08da48c83baab1b46ed7b32a554953239ec4f80ecea
\UO VnV\Music\Digital\Turfin.mp3,13af1df7a81745561e3d749d2ff7e77291c86805b58c384e34819f79b8244d25
\UO VnV\Music\Digital\UltimaVIISerpentIsleCombat.mp3,d60207713636fb64113b7c76f4ee037fa2adc5067d2560ffc88a324694343971
\UO VnV\Music\Digital\Valoriapos.mp3,73e669fc0f11f165bc9505d1e736918fb02db94a77902e07cde518edbcad4b9b
\UO VnV\Music\Digital\ValoriaShips.mp3,36d5841d1b8fc2ec3653fda15c617ec8d4aeabfe93749678a4abe151dd0a08de
\UO VnV\Music\Digital\Vesper1.mp3,a967b19828f9ecd1e16786751c1836d130b1f2bbaf2b5b6f4357ed583ad1f9e4
\UO VnV\Music\Digital\Victory.mp3,8764c409d8fa966c8f800271c283e961f557ab5ab9dfb0e0c600ad88255b204c
\UO VnV\Music\Digital\Void.mp3,20d34f03f1ad8d6e8a97a817acb6d11012a4f62b7e5450d020845cc4871ce87d
\UO VnV\Music\Digital\Walking.mp3,0ca3c37b00e7c4214015848318d6e5cbcc5c066722c70ca3bdc21b666ab68529
\UO VnV\Music\Digital\Yew1.mp3,dc499d079eebac2448c37c4eaed349a2981d3640395f1339c3f616d5118dafb1
\UO VnV\Music\Digital\Yewpos.mp3,5429ad047cc89865bb67f05fd9132084713b914537d7d7034d15019638de0681
\UO VnV\Music\Digital\Zento.mp3,a604419bc70168ecaad464289ffa7232ab45beca30a227034ba75ff141c5a3d6
\UOVnV.csv,7279a00843067968050fa4d15ec275b3db9d55d0151b64aec45eadc37095fd1f
\UOVnVHasher.exe,5ab7ea2038763485d53cfe28960c9212785505e0e0e9e69bfad4d74e6c6a7c08
\UO VnV\anim.idx,64adf0ba0fb47019ec5d0a233819605c8fb15a156bc5c19db790c13a22adfbed
\UO VnV\anim.mul,2d890d6b79dc9f05398f192ef07c3aabc4cf42b680ea2dc966a0a270da683d9a
\UO VnV\Anim1.def,40348b160303bf1accf2b2fa795741bff516e818c5688d6550f0a6078b2b2236
\UO VnV\Anim1024.bin,90ba1811e8ff3d26f3b3795119cd8a52adf10c8b32a956ef12a17177233890c0
\UO VnV\Anim2.def,e47d04fabc7446a8866fb9369bda2b18bc7fddab3d87e49e39c1527b7b7d6774
\UO VnV\anim2.idx,eeb59030004ed0cde59f6c5f5d9711f1405cf0cda38f3480f3c6347f62b3651a
\UO VnV\anim2.mul,0527988aaeea0c32f7a1175e3f0c07ec4341c63e3da7761af8d80704e789da7a
\UO VnV\Anim256.bin,2b831b3a0a1da392790f83c9a504f20828d2276e694951ecd1d6a08316644f84
\UO VnV\anim3.idx,95920088f00cb5394d77d517089adbcded2240cefadeaf5330ed416196255fca
\UO VnV\anim3.mul,33192b505c9792308d84cf16c83def89e9bca6b1466773fa37e24a5679542084
\UO VnV\anim4.idx,7ebf2fbb3d0fc3bc901c6d20175b2fbcc8e84b30e370e43c222df2d0c94c7d58
\UO VnV\anim4.mul,97803b7fa973076e46f77a7591af073e43a454f7cb12efe8799ad3941295bfb1
\UO VnV\anim5.idx,e3f0f5c84f66415d089c40d863aa38bd587cf4d60a94655368764e61d6257f9c
\UO VnV\anim5.mul,9bcac78d59b36bfb455e67b5bd69359e6423b98a791d04bb56bb22c6272cf89b
\UO VnV\AnimationFrame1.uop,006e08b50a87fdda0b3a1014c38d0bad25bb7a7755ae1c3a5ad54e843b1aefe5
\UO VnV\AnimationFrame2.uop,7e94cc6083e1fce9035ce08780db15cf546818727b3f82f2b1dcfb4bfcd57d7e
\UO VnV\AnimationFrame3.uop,b1e5d92edeb9fa94cd9c7f5ea9c834590e971d2fa836c55a103dba7104b51284
\UO VnV\AnimationFrame4.uop,ec943440f3881b59d9803d377d65e0d34d1a69aef88f62432f1f9c3f46cdfc81
\UO VnV\AnimationSequence.uop,e3a1c7edcd308c56f9a6a68f6bd4764c270b7e25d571d73a68987aa819e97101
\UO VnV\animdata.mul,a66388533166311ddda432d301fbfe6f55832eacda278c05c366bcec0272c3ac
\UO VnV\animinfo.mul,c6ab4c1d615a638221fd1f81e5d31db34820a1cfb8ef18c1c5b4e1c3554c434a
\UO VnV\Antx1024.bin,0a6eb18fb060797aad59e6efede43a6cc3f3e47257cf9de1312197aee7bf8885
\UO VnV\Antx256.bin,a44083be4b67f2a7df3a33950ded089008fdc17985370dfd1fabf47f13d4f397
\UO VnV\art.def,9cd4dc579cb66ee26e10c3713332a607e061c047c0781958eca0d678886faa48
\UO VnV\artLegacyMUL.uop,686c0c9f92d152668998c5abc4b54cebeaf694639743c24832b267f0ae11415d
\UO VnV\Arttable.cfg,0ae58cbaa93c4715d43499c322af55e6f7fc32517369ea73c9cc7a21477669ef
\UO VnV\Binkw32.dll,f2ad88706cf898ff489c5b3f19fac5a4d51dd59110b8e919b518c1d0f9a9b73a
\UO VnV\Blueprints.tbp,916eb661152b25c6a0eb52b838eb3340ade9f02d849e46f49c011ee297cb9c36
\UO VnV\Body.def,2fbd408fcc96d1c0b382c4fd5c4efc798e2e5093e59a14ed6be9146b4a81cdab
\UO VnV\Bodyconv.def,6af043545357e6409d2b01fe1338c506b5c89bd15739ab8364e2dac797919caa
\UO VnV\Chat.cht,4ee6acf74d591db4d4ed1f2518cfed6825ad08565c2a2653630015617a68d51c
\UO VnV\Chat.deu,ac1a1fc3ef3afced52103d30b8349a53e957edfb58db4738926e4e4dfe38d291
\UO VnV\Chat.enu,efe99ac3846002bb20058b37a18d2ced3923ce67b213015b803c0ccb4f362f06
\UO VnV\Chat.esp,a89d64fee41a096986baeb0b73e64f062709be2cfc8983aea8ff027430ee9f66
\UO VnV\Chat.fra,b1e32e96bdfc67c49d2be1ab9b1364a29e0586546cffd935d44d56c9f0102af6
\UO VnV\Chat.jpn,17fe02fecf8b0087ffd066f62bcb4b69480f5c6ad881674aaa2ca625c689be2a
\UO VnV\Chat.kor,4acba31217e51cb0130695e634a19dfb7c46f3187b0f829a4dd646f603c91225
\UO VnV\client.exe,23b2b764868b6748d573725db2f35e62ef870b5c599b3a18874a2e467fea525b
\UO VnV\ClientPicker.exe,d55a83372238428f0a839279e5d332302fbf6f28f7857bbb15427874958905a5
\UO VnV\client_tc.exe,6507e703b0ae65fa7ba174f53f86317ac3b736f0b12c1a8e86240b4cb03b5146
\UO VnV\Cliloc.chs,e20485575662f9f9235019c76dd8d4a88ff877fc67175841535b03b89f4c0563
\UO VnV\Cliloc.cht,32c0fa7c99dfe18ec96f3da2b94cd2f119e2b725bb04c53e1bda2fe3a313c469
\UO VnV\Cliloc.deu,400e8bc3cf6fa6401054274ae9a0b9e391efa0b2f36aadef6a0197b2040be40d
\UO VnV\Cliloc.enu,d27825af5a8e36d60d149f0da278e114feb3f13b587c9596f47397000cc4e68b
\UO VnV\Cliloc.esp,2e0864781cbd6203f2f069d3feca05dc7e10cea425c8979cb6d6180fb65ba47d
\UO VnV\Cliloc.fra,2b8eacb5a009f3c366205a4f9d115a3fad3060b917037917885e264c13391b7d
\UO VnV\Cliloc.jpn,d9a795d1be0c2994f943ed1e55d7bad7269d52bb37a5eb57ebc3f54398a69468
\UO VnV\Cliloc.kor,eeffa174f894bf033522f55e1a6d0637c1365d333212261375362a655fc331da
\UO VnV\Corpse.def,9bc572c3643acbcd1e299e6def4297c57da586624e373a45da88f72654b7c02a
\UO VnV\Credits.dat,08fda06f014f79edf41737a783d0ef702e249d26294295f40a1a243fe4bff67c
\UO VnV\dbghelp.dll,412f6c0ed936316275e68e21df7255e4e35fad14e114e479e8c5c9d75ecac88c
\UO VnV\Default.mac,5f1cd206ef351fbafecb6cec1239ebfd0007932bddbacea8fdcf88a0d1bb1553
\UO VnV\desktop.nwb,cf605f27ab175ffef44bb618d72d014222d14109b28ddb77884562ce55826c88
\UO VnV\doors.txt,eaef95839e2bf7b75e7e82891996eaba982e402345b1507f524c01e18a702334
\UO VnV\Equipconv.def,ee650d81d88205745958cc6b6adf0c1f656f294dd0e97d58716e95142a2243ff
\UO VnV\facet00.mul,e2ae0664746bef76f32a1d36a9fd231f7f1cb4af393e80d965d8b7f7a477532f
\UO VnV\facet01.mul,81c4e178362b93ead6d21906e3034fe58b769db9e6ade772c1463df135f28843
\UO VnV\facet02.mul,69a9af0750ad884a1c0893556cd4ed4aba3208ae43e40b8a8641bd42e8b059d6
\UO VnV\facet03.mul,c5e0f80d316eb6616c4865b853581a613b666da1f15c2fa43bb0f95165c58b15
\UO VnV\facet04.mul,09609bb4459519fc58d75b78246a606aa59e13c2957f136a1faca986b53ebc7b
\UO VnV\facet05.mul,e659d00439940b482704c30153f6f47cf1347b42ec60bfbcec61b62831590515
\UO VnV\floors.txt,4ce9866766583f947365120ba7bd2cde304b4add6668bf4cf9667e27d94c6f1b
\UO VnV\fonts.mul,793b73a293b490c54c15618edd66a84670449e17ce778093c6fe056f8a2298bc
\UO VnV\gamegen.txt,04573bda88f391b42f3035828bcb00331e26652da5952b8d4dee1d0c2cb216eb
\UO VnV\Gesture.cht,7cacd609b109bf5a55d748609329a78b2d707575b1610aedca24d6ca4ad72a49
\UO VnV\Gesture.deu,b7027862c8f2b314d0e7a174c118d73e683fa1ffaac7b9f302dfb8f47caaa014
\UO VnV\Gesture.enu,8c6e3dc6c44d1d42135c3cd286b90406b861490fe868fd49f313fc10fecb9135
\UO VnV\Gesture.esp,2fb15679db2e0917e0e310d9891fc872b90ba6a0898ac1530e7efb5c5de7f5b2
\UO VnV\Gesture.fra,462c19701043139290e5c12c936dc933c4e0d86520993410b9dc57fd11ba8522
\UO VnV\Gesture.jpn,5b514cbf74f376c5a8b5fefc309513efca97ecd8a20a251ab080b5054728b6b6
\UO VnV\Gesture.kor,d7318c1736139f77ca6db88a5d700ead751b1e0f1c8845d8f902c1efaa84f10e
\UO VnV\Granny.dll,a33bf57258ce71caf4d755364a7e44192a5a1433b98b6db4aaaf6542ba5f6c58
\UO VnV\Gt_0000.cht,98bdfdc2bee01cae32bec5fc8fcb85a116e2dffeae866978e5a0d5b30d7f98e9
\UO VnV\Gt_0000.deu,0077e043a26bb9f950aca97ead75172cd41be2d99f4ff2b2a4ac04ce246440a1
\UO VnV\Gt_0000.enu,3d932fec53f6f0815344a61a2306fb9961d847f23e19b13292d5c18c3d976c50
\UO VnV\Gt_0000.esp,ba9944e48a413434c082041cbf3aea57db88d1283995baaba04d650984badb94
\UO VnV\Gt_0000.fra,cea158069d15c6f522f71127e1ef3d60bb0ee280405b92c5f53c09478d38a39b
\UO VnV\Gt_0000.jpn,039117ba1f1396a748fba59f00400fc2b61345a5f649ffd4ea3589cadfcc4637
\UO VnV\Gt_0000.kor,a28fad418e02f68c17b1f2107f1e675d84061019139d32d26a9d42f785685196
\UO VnV\Gt_1010.cht,9a6ab9da709cadded73ae8c57d179d2d849b17f9c145bcab91f75eae56b88373
\UO VnV\Gt_1010.deu,d20d9ab630d3531d6bd763a79532870e844b40f90f0362bee73ccc74cf6dcbd3
\UO VnV\Gt_1010.enu,5eb5ee615617061c10c73f5bd80aff295045d194ae7cabb944dbb2a566aac113
\UO VnV\Gt_1010.esp,836bb0b23c5892299868b8ce00547e84098df1f1a16c1c14def6c3a6e561da39
\UO VnV\Gt_1010.fra,6c73e7d75e1fa17d85ed0f34ab197522d747dd23ac9e7dc8075e5cd711c11186
\UO VnV\Gt_1010.jpn,5e09ea4bf901eefd4c5b34c43982b6a5c0aac4b14f91251ff815d5525f8f5078
\UO VnV\Gt_1010.kor,5de8df0f331d5d4c35ae2f5ef4d0995b806c667304c3a4f8e72ea1ccd6842bce
\UO VnV\Gt_2000.cht,1cdaab075b111e616dc1ff0e29c020244d862e9b559c6a568b75e6ae2f13df31
\UO VnV\Gt_2000.deu,9389e3962fc38a47b11696e9e23c1c115792e871c42d4f7840aa7e86614fb012
\UO VnV\Gt_2000.enu,d4675d37a604d10d1c14819391fa12c288dfa7ce2245a56c8f564b6218dce70a
\UO VnV\Gt_2000.esp,ff33d47a3144534106cfe6343a2b477cf94d3b855c350a57e314beae26c3b7af
\UO VnV\Gt_2000.fra,77315f5e306dddacc638b10f98c497d6073b89154a605f79428220163afab7ca
\UO VnV\Gt_2000.jpn,9f50ada086c93e03771c2f7f07f4daaa6c652f917d5c946adda93b1f26b22405
\UO VnV\Gt_2000.kor,d19698b70bd1248fca46e0947769f4caebfbe80a171994e244ff96e61d7bfc28
\UO VnV\Gt_2310.cht,862715da365337b398f1cab4e436b86f105215c812f0c77c3283e599e903c19d
\UO VnV\Gt_2310.deu,d725a768a6695c216d1513b24f09230ef24b82be58f2f26da40620116010fcd0
\UO VnV\Gt_2310.enu,0ed5f886bf7298da6a96ceabc4dd8f507aa5bc4258714d9bbeb8857534fd323e
\UO VnV\Gt_2310.esp,4e413e9938bd97ecb4f2635a395d335fb10fb5cd48286ae9197c75df48f22d6b
\UO VnV\Gt_2310.fra,33b0b85331815088539c75c368d3afc557cb48ccbdc727d33dce42801d645a4e
\UO VnV\Gt_2310.jpn,7b7e0c9551a10ff7e5315199877ba9766a9c8e86876fd9774f51fdf7ea723119
\UO VnV\Gt_2310.kor,75fc69561802e1140485ca51e7887519285568b8948db376dd2e9705b680e2d2
\UO VnV\Gt_2400.cht,1c9b5068a1b0b113dd698e8323e0dfae96d79d1a746a9e3a6cf3ad89d8fb10b0
\UO VnV\Gt_2400.deu,bcb119c265ca9494a33d6f7c73b235a0d4fa5329af990cade671ead8e56d5e86
\UO VnV\Gt_2400.enu,81eedcab77725a542ec81bc15589d2bc9084a4485eb5d4dd572cc009744beb8b
\UO VnV\Gt_2400.esp,e16840405df2b143ae4266e943db51dd51ca9d40d8a6824df0867707a5385ae2
\UO VnV\Gt_2400.fra,97efb0246df445945fef8129054d18a02e275389982288f0d481a6677b3cc904
\UO VnV\Gt_2400.jpn,f4d86c0d09dc87d097c61ba4d03142be0a13821aeedddc12c33e2f1a86c189ec
\UO VnV\Gt_2400.kor,6b1b57b43c2f3e4038798beb769bad729242512c58fb29533b0f417e99bb91e2
\UO VnV\Gt_4000.cht,441b48a424d3abc8e21983afd6a7955d62c632ff354a34e0e2836dc264606a11
\UO VnV\Gt_4000.deu,3a9296afb70da9d07f4d08c12caa7e0ba4a579b9806b6b5dde5b1b529c8832b0
\UO VnV\Gt_4000.enu,ef22e955f8c503241adfc78690abde626905d3155c4ca5a4bd83a3c908d622f5
\UO VnV\Gt_4000.esp,60fec828cc85ae1d8372981c68dab65388d4d8a02de13137f22041f2b09bf2de
\UO VnV\Gt_4000.fra,80022ff40dac06ae2a4811d4c3ba988ca1c6206a57c5232ed3a044f30d1b89b6
\UO VnV\Gt_4000.jpn,416be4cc0508837eb5ad96ef160c7679ede0bb67bcdf5bfdc8885777c33c6bf9
\UO VnV\Gt_4000.kor,4a1e95f4ad7571bdb53139dccca073f8c96a9a6948dda99bb72f8b7522598f64
\UO VnV\Gt_5000.cht,f1d16116a5b17f795a8faea33c11e97fcedfff74b56dcecaefc6e58c57927404
\UO VnV\Gt_5000.deu,8ea720f388eee5c36ab55c48456b6f907d5dc0190e3dd42661efabceaa25ac7a
\UO VnV\Gt_5000.enu,0c4f5ed30d1f9c2c0962d5a2aecf25b4970e499636d88a299fafc1a1df557300
\UO VnV\Gt_5000.esp,04d8c47ca01ab1e19d62f014ffaf4379fed4297f2d2f0df44771cd2c0efe2789
\UO VnV\Gt_5000.fra,4b78ed64fb8469089202edaac847fb1dade045878ffb92a565553867ae3a2c56
\UO VnV\Gt_5000.jpn,84b9a1d19b821518227c76981d8223349a3aa290b381d66419468c67653a26ec
\UO VnV\Gt_5000.kor,f9352a3c8d96b3d4be8b5e50dea0e873d5bdd9bcd2222b141a957ddafbc1dd62
\UO VnV\Gt_5400.cht,e56efd0fc06eb6d674666f8d4ac156c048aa917d666b37ed3dce12d1055fb0a2
\UO VnV\Gt_5400.deu,af55cec8be09aef5f11a33047d157ce16bd68ba173894f7dc107b1cf690c39d0
\UO VnV\Gt_5400.enu,67910e859f374bf7a087c743412e5afceb1e4bad264b62323449174c861882dc
\UO VnV\Gt_5400.esp,af6c003be05735ddffdabdd5e509c194245cd6aa701a665cac4dcaf2988dfd08
\UO VnV\Gt_5400.fra,74ff428bc90f6930c15e3ae0613f15e8a8958f18ce07f496b48bcdfeb4ce6185
\UO VnV\Gt_5400.jpn,7e2c5bedbc106c241ea9bda2dafe65e999e8878d2a9c37b0a2fbb50bd97aff84
\UO VnV\Gt_5400.kor,6b89c84a8606fa415d9d13844683a1799068a81deea62ff2c3698ad08f147ee5
\UO VnV\gump.def,2b2fcaf377614604337d5da3acfe511df435236559ace1e77c24c9c19b466775
\UO VnV\gumpartLegacyMUL.uop,78912eb9d494bd4a5e3bb60ddf69e772564c223c19a826d3be25811023249f92
\UO VnV\Helpindx.dat,827e10160b88c5c087e66de3041d3322fc51fdbb6813ba5aaba443f6d85cd5d3
\UO VnV\hues.mul,8735788e479e8ae500553237ed10e1e6389e01a7a8721e5a02c6ef1262b28c0b
\UO VnV\Igrping.dll,cdb77abb556f73cbb643abe99af4d898533f244e9bbe86a11934960e54f8a073
\UO VnV\Intloc00.cht,1e0977493e7280a3d78896709a5c5d0ef090602bc53ed63b93d40e3d97a4d998
\UO VnV\Intloc00.deu,5cc8dc3ec3f1d02c328d82b8497689ce93333d52606a31f8d5d040ec0b7a1267
\UO VnV\intloc00.enu,bd1037c479e49edcf856b577f252de8cf82d23bd8f6feb9764cede5c24b3a797
\UO VnV\Intloc00.esp,0e7e5a3ba4c790b2ad9b8f6067db1f4d58f55b56bed8567e82beabe681d52a70
\UO VnV\Intloc00.fra,21e6dbc3f3961d742397d8a9c4727c1d3e3401485f2f9ae368c4f6f0b71181cc
\UO VnV\Intloc00.jpn,f66699f53565f559e66629d80ae1def260155f7453996f2444ff75eab4c8fa66
\UO VnV\Intloc00.kor,654f354950b63e2fa7129d3b5a5be09df2d092b0e559151792f72a294676003b
\UO VnV\Intloc01.cht,45dcd04907ba418f754047db4ecc5e90d9faefe980014b1206e862b6bb1ef545
\UO VnV\Intloc01.deu,ff6112327af15b3faa842852698cbf722aa9320d3b8e6ee911c1172479966781
\UO VnV\Intloc01.enu,40a15469e8f80a1849a213b31fc70f2e9339328c73e51dc2d4a1a1f9703151f9
\UO VnV\Intloc01.esp,cfd737f07828e13ccb4fc4f1bfd710633e6a3716b27537a47f0a80d8fa1ea3f7
\UO VnV\Intloc01.fra,346e4c9e704b1d574c308c92fe290b4480bab94851c9b47546c9ed4c8e2a7a6c
\UO VnV\Intloc01.jpn,a1133fe3320797d120b4a4c2c01f273893c8ac49c7ee24bc711386c685e67d2e
\UO VnV\Intloc01.kor,64aa7e912349e4a3a86e632e52065f4af5a93fcce327f03da37f9129bf86401a
\UO VnV\Intloc02.cht,6f563e0462a0461241fea4ae0c45262c7d59f9bc2e85706a4de128f7a212d26e
\UO VnV\Intloc02.deu,20a546e6a552c71b7c5a36bfc6def3cb73df1175c1dd8a79bc352820d1470f7a
\UO VnV\INTLOC02.ENU,a83bbea1c88ba1009c38cfdff8f62c4ebd92a537247e0c6ef297f74ab5b5d06e
\UO VnV\Intloc02.esp,f6113f57393329efa10e4fec10d8f8e340e0dee11c99ac7c61ec55b3032e4153
\UO VnV\Intloc02.fra,b002201b946b452b5f26e99f2b3510a0a903c75b952c7cfe62a1f31eaf1798f3
\UO VnV\INTLOC02.JPN,523a923e03cb85324653c4fe4c6db0cb6600baf4b683f5582bd4c0c4cd6a43e7
\UO VnV\INTLOC02.KOR,b35cfe0de350ab28fc1ebbf8e4a0daab13ad8a30268357db81d0919a837530fd
\UO VnV\INTLOC06.CHT,bdc9174aaf4b0581fed67d6b3d26cb3d22c61a7e586d577c0071538d55cbb865
\UO VnV\INTLOC06.ENU,7003a1bd2cf75b78c38d76210803fe0acd86f74b7294d1806f4f9b9c6bdbc596
\UO VnV\INTLOC06.JPN,b923450ba18a5636e6a4d4fee1421658c8f7917b2b48c3cbadbdc4c7b65b4e1c
\UO VnV\INTLOC06.KOR,e3367c117e562db834d3ddf231cc9e99312427b1aa4177d813de50ecd8f7ce57
\UO VnV\INTLOC10.CHT,3ffc126f7fdf83146a658449e0be517664c251c98edc0d8fee49a4bb9ff4d244
\UO VnV\INTLOC10.ENU,78b2d0861866013239e166679412d4ad674750e2fedb6405c8f8a641a565db5d
\UO VnV\INTLOC10.JPN,4250d0fcf533fc75dce3caa1ade25f466f9431d247fb4935af6b744efd0a5e45
\UO VnV\INTLOC10.KOR,10aad96a268f987168ab155edcf2594d0ccf9523b3e781bb97d4eb5c3466acbd
\UO VnV\intloc11.enu,3a88378452ab1be9d7b65e5619c6c2615cdafd62a17bc7b05e4dbc822ce023c2
\UO VnV\Intrface.def,60bc39836f4b68a375d01159f1d29aab0d960d46628ab8f63d74b9ede327948b
\UO VnV\Intro.cht,fb94779ca3755dbd61bca58b4abe670c189710928b4f3c69939569e62df04809
\UO VnV\Intro.deu,86185ef50939438f6e9facac419ac7516b4e0534fc71ed9abb9b929d8993152c
\UO VnV\Intro.enu,24798fd2ecc50e18a8d6fd3234a6ec9973f4079fb151a3b1ba2bcfec54cf5c87
\UO VnV\Intro.esp,51a4f32e468cb2e666d2989f1bd45f71c9e4a333d8a8556f016740e88a218d26
\UO VnV\Intro.fra,3b55ddb6a9a26a54ec8e8ece74e052f0c815e78f72d5d7e967bfa1e6e3439415
\UO VnV\Intro.jpn,5763a9af0a8ae958c6817fcd5a16664bb4917d69da488ccddc4c6852bc3749cb
\UO VnV\Intro.kor,4b36adca0f75acd9d7a2589db6872a4d0b1aa41a03d21be8e0063669e326d21b
\UO VnV\Keynames.txt,8cba8885990796ea6300b09394d5fc4b70ee3660dbafd692e84f396dfc271a07
\UO VnV\Langcode.iff,cae80cbe4ad853af71c031e68e1e408cae59f7806dd07b9590560250457b36c0
\UO VnV\light.mul,fa766be0fbd6626ac6b98e3cca025a907ecd89b060c8daac01f998cd2db14af8
\UO VnV\lightidx.mul,3bedae724e5f7fb75e678a5445bacc38e4b1fed082e5d298cb34486bfcfcde75
\UO VnV\Login.cfg,5d3a6c153d84f52bf410910e03567a8e9c9e6b7f0b3160d5013e395c5f78fa3e
\UO VnV\Macros.txt,0e44c97e0bb97c64365c1ab8e1bc5af8d28e93ddfcd1a38b0eee03ff61f82544
\UO VnV\MainMisc.uop,ae5743dc7a653a92c6c227b6c60d9587b1f027b4d162b30d1eb027a985237fc4
\UO VnV\map0LegacyMUL.uop,c5d9f4ba0b51f741513ddb1d7ac354c2c3f35dfdc8de0a556035a8d050dfbd50
\UO VnV\map0xLegacyMUL.uop,5305d7420460852e220ebc8844a522d8abe42ea377b2a80fa6444305ba0d9cef
\UO VnV\map1LegacyMUL.uop,06a9227aa8d48db38cbb273efdb2b3bbb1e470162bcc649a4139074005f7f061
\UO VnV\map1xLegacyMUL.uop,8450f41fc8a85dd544f38c321986bdf762f7206e9e8298cb7242917e3f56f06a
\UO VnV\map2LegacyMUL.uop,b3abb8fe4b7516d463ffe5a594b6b3ace2869a365dc35940d3c9f3f722b52d03
\UO VnV\map2xLegacyMUL.uop,cf1b08542f4ff16deabc81c7663d40a0de508cbda9145854c5cd4b75d6736cc5
\UO VnV\map3LegacyMUL.uop,f2d672b0d677dca6287bc44fa5f0a3628883f862a84cd60c549425b6d97afd17
\UO VnV\map4LegacyMUL.uop,47ee0098f57791621b060e769d8d47cb837d6b00a330da36e9cd0c36a80c2127
\UO VnV\map5LegacyMUL.uop,484c445e96d08f467fa30bedb13a3c7748deb80c896e1e2c0ed5e8f1e35a0901
\UO VnV\map5xLegacyMUL.uop,42021368c7e5e62cb7f38d8116557539c2be7f98515d0533f58796c1b2a9b4a8
\UO VnV\mft.myp,31f5a56e7ab48dc07be730901c7d293fe25170dcd97c43766e429942a74664bb
\UO VnV\misc.txt,9de09396bb4a002ae3f72149d8140131d099ef6ef629dd48666e0883e838ff84
\UO VnV\mobtypes.txt,2227f38034271c2cbde4fd566bfe2602403e7bafae897b158f1d31101731b732
\UO VnV\multi.idx,4e28b9631b5e3143b5a77d923f5896246cf114bdad2dd5952e7c22b9899180e0
\UO VnV\multi.mul,2a26f4def2f030ec7f96057fc98a2a59fac1561848f59a3e45f477a5e1f8b7a0
\UO VnV\MultiCollection.uop,d0695a4de50c5c03f153768bf80b94c9c8322e098fda9d69e3114b465fb62dab
\UO VnV\Multimap.rle,f5e20a50b9ee8a282f0b6563a0e625b2deed0d1a5f0438115d27455198484ccf
\UO VnV\Music.def,bfa505efd4e434104f2079356737ddf40b70c7b19a41aa67eeb89d600b88b921
\UO VnV\Obscene.lst,597ef436ebfccdf3ff339ee7c56893662c7bdcaca08d5933e1c9e0631cce5225
\UO VnV\options.cht,46ccba790689d30b1f26e9a659c51934209698fb182c236c60ace9c177af2c71
\UO VnV\options.deu,838f8d887826a1e22549740dc3a631326b6ce3dbce2ef5786caeff4fa5ab9d1a
\UO VnV\options.enu,b5257684a513504b994305bf265129c47bafddc08fc8c0761da810bbffd0d861
\UO VnV\options.esp,587fe596ad2bdd36f3b4db2fb93fc79d7f778ac1a97834c2f54626164c19ee27
\UO VnV\options.fra,47a76504540af680d07c447b87cfd12a4a155f3314758a71ab4273d9def65eb0
\UO VnV\options.JPN,c7ba7e7781e15c90dc196b572e9e94918b3ee00bd5ddc723755016bbcc11de3c
\UO VnV\options.kor,68a9a7961b3af464a195297925fbf4a77a39527240b43ee049ea2fb76bd85b85
\UO VnV\OPTNUOTD.CHT,24f5436ee2a7931acaf6b55d6e3df3fadff23ff64ae5f121bd91879cd20cf56e
\UO VnV\OPTNUOTD.DEU,8c664942e71c502c1f50e89e8dfce17e030a8c07e5846ce703d6959f4d1caf1d
\UO VnV\OPTNUOTD.ENU,ce66ef0e0712263eea481792ea27de7e2cfd412e8016042e30dd95df584b53f4
\UO VnV\OPTNUOTD.ESP,2c03556e7c21ff3b62dd0955fe1e867d79ce4a9ab3ecb9820976c5a0238b0f57
\UO VnV\OPTNUOTD.FRA,c5c8cd40c2684b8e760f4c97de0174a2b8694a07e47b5a41ad7eee6866f7b2c6
\UO VnV\OPTNUOTD.JPN,7f16c9b324dde5d8273c7b03acdccdc35fde15a4b9dc3ba68f9f13d98dcc5e41
\UO VnV\OPTNUOTD.KOR,9ab7f6d0dd795e7e5b23c90c64848203ce7a98d479032c928791097cf8ed140c
\UO VnV\optuotd.JPN,7f16c9b324dde5d8273c7b03acdccdc35fde15a4b9dc3ba68f9f13d98dcc5e41
\UO VnV\Owo.exe,9d4af73194cadab9fe06a6367b624f4641aedabd1c420b08d1e5828405a5367d
\UO VnV\palette.mul,7f9b3cfaf03c1ee37d4566f9a8ed5860a308ede22ab7444b876a736f67a1ed5d
\UO VnV\patch.myp,e10b6bf9cefbe8c92d08e9f332ba46178b3bbcfa3ec773b768b2a1e9b3b2f865
\UO VnV\patchui.dll,9310deb92c0694729e2611bd2972ece8cad1ff381539f77fff7c77bb96e6baf4
\UO VnV\patchui_win.dll,9310deb92c0694729e2611bd2972ece8cad1ff381539f77fff7c77bb96e6baf4
\UO VnV\Patchw32.dll,19486800845b74be3487f1319d6f249ce85e8b47df586dd8e9b9cbb46875ae93
\UO VnV\Prof.txt,bec323eefa57bd47391a48bc57d5d5b451c7b269fa4dcbcf987ab51532432c81
\UO VnV\Professn.cht,754d8f643ff26fbcf336fa1c00efdc4aae92f9562ce207f8fd0f77c64327ebd1
\UO VnV\Professn.deu,1c2e794fddd4d0bef1bfdf8b0e2f2715d73ca5f3897b1fb5cb81b8267024c098
\UO VnV\Professn.enu,3da9be1912b7029b4ee4ad23af4addc5a717a8f1ee542c64aacf1b5d69bbb9bd
\UO VnV\Professn.esp,a1192f1e60ce04c6e29619bfec27757e188df621d9e9527c4a8c629555ec67d3
\UO VnV\Professn.fra,bd67c87c99b67eacc6cdd59dc96bf0ee5c8ac3d92735e8c94d2e5e6211fc0280
\UO VnV\Professn.jpn,bae8ea1e8ed93ea27f73e437e020243af68730675cc6331feb899a95952c8936
\UO VnV\Professn.kor,e6cc1ab21ac466f6594837e7be897f3f7d58470e059cb3abb65d5a93f0880323
\UO VnV\radarcol.mul,517aef450e48c14de5e7dbef66d84da7e894db1c969295ac11a8cbd8d46f9eb0
\UO VnV\roof.txt,622c19a7d76b1d573acc157ff097135c128a984967bffd5b9c4315abc987bd51
\UO VnV\sjis2uni.mul,62948227429ebbae79cfe287d79eaf8dbf753ccd065553726ceca6caf2102d4d
\UO VnV\SKILL16.CHT,fbcadadc375972b04c34560b42ea3b2767eaf4616b8354d996b3ab0b26b7bb5d
\UO VnV\SKILL16.ENU,3ba94adace989f3e97f8e387f1fc4a2e4ee3a88eff5b37459cf239cc4a6daa69
\UO VnV\SKILL16.JPN,5476df00c327b9366fd188582041ffccac9eccd6d781050ed8ed2275dd3f20b1
\UO VnV\SKILL16.KOR,38f21e680aff6087e91872d0ed2216f1da725f570d07e7a62a8c1c02a84e16a4
\UO VnV\SKILL30.CHT,01458c5ed0be9da736e0bd1c9a71bdebf638b41b96582ccdecdaeaececadaf95
\UO VnV\SKILL30.ENU,326aac0752a118362b452a40829c2f5db057d640e055f9db48bbee785ae3685b
\UO VnV\SKILL30.JPN,9dd6ce89ea7ac5c002b9227925990106724fdd90088c3a4f3757966876c0deea
\UO VnV\SKILL30.KOR,069af9da54a92f90dc4f645afaeafb37d0d1e7585869c5e6974976fe1480c393
\UO VnV\skillgrp.mul,d04243ac937c86ea85fc7b13b5edbbad2471c23fcdd4892c1515a5024c892912
\UO VnV\Skills.idx,68df415c256c9bc518401184c880c3f0fb2a92a7ffe143f66e2d38c224d74c90
\UO VnV\skills.mul,49ba0db15a4278ac26a93398ad851ba3e2a1fe133ada90fd4fc59536aa235be6
\UO VnV\Skilname.cht,fa658ea5d88fa55e1fe492afd1d921d0df38ce0137d74121f5f16c460c8786f9
\UO VnV\Skilname.deu,bf7ad307373b8bfbf0ee2639668906572349acbc9b78d8a5ad2873e06b233307
\UO VnV\SKILNAME.ENU,ba6f552f4fc1cfbd12dccf410b61593552634bf560ad62042f8b2a18ba131fe7
\UO VnV\Skilname.esp,3cb9a71c29a3522e89f6a60e263fbd85527338672a90ed667de37dd9cf170a6c
\UO VnV\Skilname.fra,8bec97f8049b76534ed3d91250e070c2b592f3b55ed730b6d68f62cc457f769e
\UO VnV\SKILNAME.JPN,2947df6849eb8b49edaa87174ccf582d03dcadcca90523765d0c9c983c8762b7
\UO VnV\SKILNAME.KOR,8169b293134365dcc3700fd846a010f9430dfc1ba059cd92d6e4e62cce6342c1
\UO VnV\Sound.def,ab80e0243dea9d28fa0cb780c538bc144c614ee275370bbaecff95d8b183461e
\UO VnV\soundLegacyMUL.uop,961954c25a76e8ea8864c7495e51f74f60dd899e351e139429b6bae12a49c22a
\UO VnV\speech.mul,ba75c8c9296e4d6219f416b86e04af8df56d3f515904b6dec64681453a297db3
\UO VnV\stadif0.mul,5ebe135be96f2b9ea9e56ad80ac405e6414e13a14c879e820d9231dc015a1496
\UO VnV\stadif1.mul,25fba69d2f136932a197e6b6a902700b2d0fce1960750818070d96492f7783c9
\UO VnV\stadif2.mul,c2eb6c27c34311d2d0f68cb4e2d34a5825baa8d3ef0b5a9fd3455c8cccca1bd5
\UO VnV\stadifi0.mul,1bd60b5bb85027435c6b74ff7213e2e368bbe914dfc418f23529bbb556c1eee3
\UO VnV\stadifi1.mul,cd93719f41db33c1c985ac62012bc001efa0287d1c0f8329434cd082ff635b1e
\UO VnV\stadifi2.mul,ce272438c5ab36ad0e22c27373d206bdfaa5147c0d72ca7d269941878e2cb9e1
\UO VnV\stadifl0.mul,dd892b6e46ceee94235bb4a847ddb3b5d78188772a621c3048e68be1e78988d8
\UO VnV\stadifl1.mul,c464a2a346957829a6fa8a0f8a51f4b568d7781a78f91f9c261f2de2dd88bced
\UO VnV\stadifl2.mul,8d291d6108ba80fd07e9c717d7c65cb9874bad04e7608a5a6b4db6cf6ae320a9
\UO VnV\staidx0.mul,ee960ca2be8b9a35f316e204481e894577241fd4d7286607205846ad63f2e714
\UO VnV\staidx0x.mul,98680530f6d998543a010620ae1928585d7a0266119ef46e03b0c8799a8118a3
\UO VnV\staidx1.mul,8158019645d6da1c3ba11c856e9ae60fb32f3d0efb0d6ffc05bb67f44413a2de
\UO VnV\staidx1x.mul,36443b0fddfe002895a05b89c20961b6c96f78f03a6d6de892a1f9b52c15c0a4
\UO VnV\staidx2.mul,7965f58fdbe393227f1adefd96f7c401bc0520e4fca8fabe98b12f02c2ccba76
\UO VnV\staidx2x.mul,7965f58fdbe393227f1adefd96f7c401bc0520e4fca8fabe98b12f02c2ccba76
\UO VnV\staidx3.mul,de067cf462c2aa831f72e332eb808c52e11c1faa68861ca5d540179b4c1683ad
\UO VnV\staidx4.mul,1521f3e40fccd78c530a090136fa85fc2b436c9bb19a135fe7357c9f19b46282
\UO VnV\staidx5.mul,d6735911b2a9e763dcd8d91ddb040d48fb4a2e6b7fdae12f4271011e58c56cbe
\UO VnV\staidx5x.mul,d6735911b2a9e763dcd8d91ddb040d48fb4a2e6b7fdae12f4271011e58c56cbe
\UO VnV\stairs.txt,7fdd445000433b3e33cbca370a9cb955174b0444aa54195a7a58f722e1aef2dd
\UO VnV\statics0.mul,1b2cac77cd06ecdd7c46940eb9adedb7f4008ee6c9627ddbcc5ad3804c729dc5
\UO VnV\statics0x.mul,5b4ea236fdaf841e7e1c8f43366c9f06595c6addc1077c5b5b419e56b7c034b1
\UO VnV\statics1.mul,ffd7d2da379539cc53cda3a93a7e40872189710602b170c8ccdc84a4120c9c12
\UO VnV\statics1x.mul,954f691d884319723f9da9461119dbef629652b94e92c1e12c94145a0924ed90
\UO VnV\statics2.mul,e9fbbe216ddc4eec9fad2f886f39654bec84806886cf3abcaeca45df300c4c73
\UO VnV\statics2x.mul,e9fbbe216ddc4eec9fad2f886f39654bec84806886cf3abcaeca45df300c4c73
\UO VnV\statics3.mul,c003ddff11a459c1c76c68615c350dd5c7a3e5a7f6112fb697de5e04d4239181
\UO VnV\statics4.mul,e09b2d0c057910d3f4c7c86e0d0f1e0be16af4cd29c14b5d975bedefd67a15b7
\UO VnV\statics5.mul,1aa4d692ffce66d628b39e5b30bfff51d112261f82057c794408337eb84baae9
\UO VnV\statics5x.mul,1aa4d692ffce66d628b39e5b30bfff51d112261f82057c794408337eb84baae9
\UO VnV\stitchin.def,dc1f4ff4f44e07de33952197b9c71f5cdbf7983408df8d75f86c10e89f8d8714
\UO VnV\string_dictionary.uop,73fe5c1a6946d5135e701263c0d0fbf788c3f516416094ca9f4e39bd59759fc0
\UO VnV\suppinfo.txt,70dd79de7d1b3542b6f8a06f5eadfa13828f66af05f739e05eb3a1eb2c169e24
\UO VnV\teleprts.txt,3a2b84d14171042378d8196d5a795a78fcf21bef8f18d8ae688a4dc4e2752d8f
\UO VnV\texidx.mul,3f6fc4237cd6a68b4a7c1536ce3f08f25ede8ebe72b0d9b41c2fd57946c309bc
\UO VnV\texmaps.mul,b901da766b9d5618f794229b86aa33e58fe575f04a7db533a34b0178b90bfe32
\UO VnV\TexTerr.def,6e5440326e5c813028b1c78e87631cc042ab0661ff180cbf89f565d314fd7825
\UO VnV\Tile1024.txt,e11812f888d5cb65e8975df34d321efa3557b5fa7182a148660965efbc0af5d1
\UO VnV\Tile256.txt,c21b438c36467d29ed28d2426d0e68f220406dfee10680eccfe45fb09d65409f
\UO VnV\tileart.uop,19ac210df93fd22981c8db8a16701659e2cbefd095e8c9ffb022c578232030d2
\UO VnV\tiledata.mul,d73ddc10ea7ba73bc4096c545c11e01a79d0002014f22731b689f473ca3a7f5b
\UO VnV\Tilehelp.cht,62af5dc90a11d1dcae725395083adc3135035647903db880739634bc98b4db6f
\UO VnV\Tilehelp.deu,fdc0e0e0e7c41ae927a90c43dbad3cf64466f8e009b4a7d150ef495daec86d1a
\UO VnV\Tilehelp.enu,d4de5b6804bca37d49c23da66303669396f7431cab4961245f0339f946a027f0
\UO VnV\Tilehelp.esp,1c7fd41c4c31e217ffc65583889a76bd4faa8a1b6da405c2f7cd18820cd2da67
\UO VnV\Tilehelp.fra,dc7261d73b7c772123043672e528541ccb01156246bfd71ae472689a18a332f9
\UO VnV\Tilehelp.jpn,8715a7b832ee4cf7b58f0fe93540129ebad5191bbb4f4a3ed46f8ca066259127
\UO VnV\Tilehelp.kor,cabb84bcd35d30e62c68ab8e33f9197fe9c494815c7e93ab926b2f5e46a3ec9e
\UO VnV\Tooltips.cht,0d9f5fab6b49ff66b7d97bd6c2f7b11fdc3dc241a6de32f796a39751862a750c
\UO VnV\Tooltips.deu,2463103d8e8a34c32dd263786a07e6d314ab86597a0f91861becc2e2f9296391
\UO VnV\Tooltips.enu,ea41e845a57cac83c85e619ba96206f8e31d4f1f867012d2c3c3c676b1de40a0
\UO VnV\Tooltips.esp,60bc3a59a8d570bc67c309dcee86063adf5cd9642a6395941ffc325652d11cc2
\UO VnV\Tooltips.fra,5c6e56f22096e2890bc5f7591291b28c7c3b0b6126c074a6a68dba73e5dea02e
\UO VnV\Tooltips.jpn,81ea9f5776688e553de1aa69a6c53f54418dcf9e880adaac5d60b2ee9c8a164d
\UO VnV\Tooltips.kor,e1e2b7cd7a69ff0dbf6b2bee31a7dc70996060cfe92883d91f8830d770e51860
\UO VnV\Transerv.exe,36cb9e331e09b8d63b246e49875347ed693c3d9ab81953bf28ec17d110fb90d0
\UO VnV\unifont.mul,486b3dfc2a72f1c12f34c2c4329f6921606678787d5ff0ac0e6bed9be9827d21
\UO VnV\unifont1.mul,b518c416abeb372d5c4831810004728ca2722e3683ebab98665a6aa0ada51149
\UO VnV\unifont10.mul,610537075831379b62be290224845aa2bab69d5af6081cdf9b77ddb60a5ac8f0
\UO VnV\unifont11.mul,20d889dc221cceb63070bb0d094e03ae9983167e13cf72ce7edce7968ccaf374
\UO VnV\unifont12.mul,c79f65530d2564d1513de887563e51d9035373a5fe8d635970bba9e9a959e1a8
\UO VnV\unifont2.mul,8ba967aa18fa62550e419d8b8ccf5430e91bba27129c08308c505586ef41e652
\UO VnV\unifont3.mul,1b12536569a1da54d88541f22101bbb75b919cd0b048babc9c9d16e18d96ba97
\UO VnV\unifont4.mul,be8aab47dedf2c07a7a771326c79b23c36431bc658eb60a135d36305838abce1
\UO VnV\unifont5.mul,c3ac51c51a3c65cfe3ccb3a71e79f1f1786f9031b3135f9574615b29ec70a6a1
\UO VnV\unifont6.mul,34a51bcd21d04eb112591427e17ae6705100378c9a3725da301c608b4ca1282d
\UO VnV\unifont7.mul,f0eda87d7c9bcc0223472377b277365930deae4e951cecf48445fcc4e06957c8
\UO VnV\unifont8.mul,cf55ed986fdba758ca9423121c427f37d14a2a04dfd11f442b6bea922684255d
\UO VnV\unifont9.mul,edde46f585be9aff5702582653a50c55eee0e864d905c9b4990c03d0e2643c21
\UO VnV\UO-patch.cfg,936d7c98fad0ea290a74fb9dcdc11b506491af27d353ad21f358c539ed58f69d
\UO VnV\UO.bin,422c8fbbbe2105c4486bea88c9a6dea27a0e07d233ebd96f3f659143f3d83417
\UO VnV\Uo.cfg,25ab77b4b2c1ac3efb92e1af492467fca8b428d1becae799457e0f7fe3002f61
\UO VnV\UO.exe.manifest,51e1759297609aa396a83eb4ce1db8f662b754fdd9e0b32acaf02130d3863ffc
\UO VnV\Uobscene.lst,82e067e387d8d265edb2fa41cf1a1c91d1ed120ca715bf6fe5200d56a4968ce9
\UO VnV\Uomax.cfg,6199efff819de0d4c090c7b3fa8de06a3649ccad0bd93fe35283a96f7b182461
\UO VnV\Uoreg.cfg,cc6a35de0d79bdfaace36cc8b721c374c466af00cb52163fbe36a5a9cf5350f9
\UO VnV\Uoupg.cfg,811e4009b5a2158cb94db126fb717a7894f6907d7c26a91a6dd55c2719009e39
\UO VnV\vercfg.cfg,80f523d48b266af3ec423914fd41f543345fb0d4786eee59dc2bcfd56d08ca03
\UO VnV\Version.dat,20833032bd75eeab4f3227d41e580f40113fe548da70f117edd9beae52e61f12
\UO VnV\Version.txt,7745124819e6aa6c3ac9187de19cf859b5df50988af6c6dbe9a4f5a4a2ec3c40
\UO VnV\walls.txt,609c1f075e27cff5511409fb67896d922eeb5fceb4bd1bf57c9ca980bdc4b86c
\UO VnV\Data\assetmap.xml,902b0a3f1c1cff66d57c31dc74f34494d7979f97b25f59b603963b66e7541de5
\UO VnV\GDF\UO-MCE.lnk,133ce57ea0656dce57adf0436fd38c0abb5bfab0e63d5f7e55ea3987ee4e64e8
\UO VnV\GDF\UO-MCE.mcl,b038d33805f18b41c0f51cabfc4a0b5efd29d399f55947837bade3074d660de1
\UO VnV\GDF\UO-MCE.png,9bce6f6a93d0815bedf9cd85904302da604405a3b7860e3faed59c0efac9042e
\UO VnV\GDF\UOClassicGDF.dll,918766ca41c4d7a39980afb3ae7c3360e3646ff0583f86283194b22fada8aaa6
\UO VnV\Music\Intro.bik,240c88c723ec30ca0fc1d131145a2fb6c265f1698139ace8fe9c14d01ec520c4
\UO VnV\Music\Digital\Ambrosia.mp3,802e7f8f2ff24c8bae5fc6ab39bddfeec63e11f068689efe8c9bb0aabdd035c9
\UO VnV\Music\Digital\AnvilStrikeInMinoc.mp3,1195cf9291a8bdd9fe86b4471c003977762cd77cb86bc2f6a78f20cb7947bd48
\UO VnV\Music\Digital\ASkaranLullaby.mp3,b0a873cf09532cb2d8138ef18d70c9cabd6b27f9c373fafd68d663ab01a27ab1
\UO VnV\Music\Digital\BattleOnStones.mp3,835a50b28ef44691a3bd7e7f365e19af63370c5991e1b3b233116db9d2cb86b8
\UO VnV\Music\Digital\BlackthornsMarch.mp3,82c16544fcf05901710e8577b06b76db55a8acde51b35e1ad121b555405215f1
\UO VnV\Music\Digital\Boattravel.mp3,e7fadfb513030d8f547f9f1b42fc41262ade3c44725d9a6b0b5cef77599aa7e2
\UO VnV\Music\Digital\Britain1.mp3,6a53597943e1fda83a8cb17b561d061dfca8cfe3cb73fdf613068726f75ca225
\UO VnV\Music\Digital\Britainpos.mp3,521d0d2c53788e5368a337fe5893625e57f115a42119fe90a3099a9a5ba41d1f
\UO VnV\Music\Digital\Bucsden.mp3,a031ce8dbfa4646ec55df2003f1047f067e4ef96708b1edeb493a6d5f0d3b7d8
\UO VnV\Music\Digital\Castle.mp3,20d2fdbcceee77272cfe686589d0e6f94a16dd87dbfd8f7e4738d83ad477a54e
\UO VnV\Music\Digital\Citynightedit.mp3,ba28554126145b4678e13d84152077c46cf19fd9e59370fd86b9705b3374d090
\UO VnV\Music\Digital\CodexShrine.mp3,8b5cb17544d85c57e2067e02a3c10f96f7bcd5482950368ced6ad9cea5db815b
\UO VnV\Music\Digital\Config.txt,b2481acc59be86cc12f52d82bae23eb0f4a4de312512ead65ee4496149ab7e02
\UO VnV\Music\Digital\ConversationWithGwenno.mp3,2e1cabf053e39ee1e0afc6887437fed4e4ca2cf40bdcf74d3b99559e3f5a6927
\UO VnV\Music\Digital\Cove.mp3,82a654ad6fef8c259192a21d55aee828cf4cb8c318d88142fd77b598f2c5d19d
\UO VnV\Music\Digital\Deathtune.mp3,154c9e7137734e609ead6ad35ca4109f23745a0672739d5e74c0a39a058b062d
\UO VnV\Music\Digital\Docktown.mp3,02c4b92537512e92226be41c2dd2a854fe7c0d80ec0c5bdfcba788d02f9f9b08
\UO VnV\Music\Digital\Dragonshi.mp3,825b3e50715e312046e43243964841b9abafe8096d556ae162b0ff5223dcb820
\UO VnV\Music\Digital\Dragonslo.mp3,fd5e2034c3ef55229e0dad5e3865cc482e8c6b7d4f89c37043aa3e974929c3e5
\UO VnV\Music\Digital\dread_horn_area.mp3,ec78d21fad8dc3ec3540e9d6e82bd9c4872e609fecb957f68cd5206d33d8dcfc
\UO VnV\Music\Digital\Dungeon.mp3,16f294d4e28e3efc887712dca5029b8b1db2c87ce6c8cd5fc71432535d8babba
\UO VnV\Music\Digital\DupresNightInTrinsic.mp3,5ad087b1f750aa753127b06ba7c49949c3e1e1264b10d2f36be3fd8971e90fb3
\UO VnV\Music\Digital\elf_city_1.mp3,230c426261528e39f708fb1edfda9210aca3fdaf6421c8584e12fcc267676b81
\UO VnV\Music\Digital\FayaxionAndTheSix.mp3,099d21cc90e56df0dc9615417d1944ffd1846fff56decf96b9745047ae3a6bcd
\UO VnV\Music\Digital\Festival.mp3,088626cece0b5c8d0630c57c155d22018f2c2adc16867152342db2a2ae71066d
\UO VnV\Music\Digital\FlightOfTheNexus.mp3,dc74968450a0a5a7cad31cddb727d4e3d2648ff94d3f0b707ce3ea96916dce4b
\UO VnV\Music\Digital\GalehavenJaunt.mp3,cfcd46b5e47aff5c0d217d5ee4dc9b75571e52c99a7fb53f27d87f057485cf25
\UO VnV\Music\Digital\GargoyleQueen.mp3,b8222586902257a80e83dece49d719331bb3be7cb96f52442f714c3b950bc6f2
\UO VnV\Music\Digital\Gargoyles.mp3,8e41c1d99adb8405ebe4ecacac7612d71414ce5f301191f3b5adfdc5b28cb404
\UO VnV\Music\Digital\GenericCombat.mp3,ba1f67786f12e83b87f92cb4315630add3c969356a9a2bf5d815fc014bb29864
\UO VnV\Music\Digital\GoodEndGame.mp3,60c9a99729dfe3bd2a0ee8046310974b12334e083750266dbdee174b10f07d68
\UO VnV\Music\Digital\Goodevil.mp3,52777b0896956e8a13e74a313e0d42f9e71f937b65322795b09f191385aaa29d
\UO VnV\Music\Digital\GoodVsEvil.mp3,486191b9f58781c97c82178f5736a7e282fad90eaefa9251b3f118649d2f97d4
\UO VnV\Music\Digital\GreatEarthSerpentsTheme.mp3,c58fa4b2e02e9004d420557d304405e7751e23689e8f6b37d9e48cf65ef520ab
\UO VnV\Music\Digital\grizzle_dungeon.mp3,dad8c9c26238a55211c5d67bbedfd3070b2416e18bc505f0dd9bb2906dcbb949
\UO VnV\Music\Digital\Holycity.mp3,3b64d65f5d45a07bc5009f745fbed159f504f64b2d7346d58d0bc9828c9ee3b5
\UO VnV\Music\Digital\Honor.mp3,2d26cd086fd4f84e16d2ed8cecac67e9c85538093b3d48f642d262c848f5e853
\UO VnV\Music\Digital\HumanLevel.mp3,6140c3e538d6a7be6f5dacc8c3ed3040f65a69cad8bd166cb0e6b064ae1405a3
\UO VnV\Music\Digital\Humanoids.mp3,a4a79cb6c3f451116050cb9e2fd8fac3dd04bc9818079eec103a6698712ba468
\UO VnV\Music\Digital\HumanoidsU9.mp3,93ea4795e2e35959e1984078c0963213b43af5407bcacb0bd6b37da679c451aa
\UO VnV\Music\Digital\Jhelom.mp3,9ee43ae09a46a3cd680118a983b178a998912bb04bb88602be07b82ff9b46a2b
\UO VnV\Music\Digital\JhelomToArms.mp3,5babecb0d27a020455a9a291b98631d3a61104e4653f71e669df5e4fa8217e31
\UO VnV\Music\Digital\Lbc.mp3,232f40f24a7a600647c6158a766c45937fa764f4c04431b4df76840941c5957e
\UO VnV\Music\Digital\Linelle.mp3,e630719278e2572e04ce2f72ef970054a042899ed0c66e9ed798087d7fee7bde
\UO VnV\Music\Digital\LoginLoop.mp3,66b651bc472b9b48abe3f87fb5850232e87d33e0a89579a9f5cae40009d41f0b
\UO VnV\Music\Digital\Medieval.mp3,b08f6315447a3c93d58561a3e06e8462e12b2778bb598bafded8cb9a3256a5d3
\UO VnV\Music\Digital\melisandes_lair.mp3,f3764e035f67defbd16ff9298c8657cb26f86aa6ae778688736966d89b9609e5
\UO VnV\Music\Digital\MidnightInYew.mp3,bfd5a7e93772f5bbac69d3f22e634cb95a717b3e53771f96ab3420bec49d6c9f
\UO VnV\Music\Digital\MinocNegative.mp3,bf2eb05a4b24102609fd5559371aec72c304fc5583ec1dde41db55f57b0b84f7
\UO VnV\Music\Digital\Minocpos.mp3,d0bc5ae86b392cbd6f9610fd2bd478fe37205a1d456a5d9101ad39a56ac12969
\UO VnV\Music\Digital\Moonglowpos.mp3,26609a919db9692eaea4a756efd8f3cf87e5c952b2f95fb80a98732b8ab0f395
\UO VnV\Music\Digital\MoonglowSonata.mp3,ccd606a6d39b74a8e6dd38ff10b879ee972cde70f74d734c71ae7ff92acc73d6
\UO VnV\Music\Digital\Newmagincia.mp3,b5fec9730290bd8f590d2f44c7605f2d73b45031a70ba8ad114e9672404f98b6
\UO VnV\Music\Digital\NewMaginciaMarch.mp3,f9884efad319b3bee147eff31617e31ea4bf2c8e0e1f95178d71aee0eafcf206
\UO VnV\Music\Digital\NorthernForestBattleonStones.mp3,fbcc1a32d9e7eac6691ad5f626e3322f252201966e791a5145a48458f670f2d8
\UO VnV\Music\Digital\Nujelm.mp3,315dea88c38e8127ce7fb40a2e33deeddcd2b64e1ac0bd233b16463748363aab
\UO VnV\Music\Digital\NujelmWaltz.mp3,9f97dc153c9cb19a82ac0b9ffbf8e5848053006e5f27d92c2766736c19534bde
\UO VnV\Music\Digital\Overlordv2.mp3,6dc195840db24bdc5ca5951af6a9c4411a663e549cd7a8dc2dfb5178b1376e1f
\UO VnV\Music\Digital\paroxysmus_lair.mp3,d71bd900b27130b0a7e1ffe658da0c6b3734fd649c6dbb3286172ac6ca714741
\UO VnV\Music\Digital\Paws.mp3,9d58ed5c95a8814e29dc1cf8c1b4807d4fc20dd3ab7145328f1cc02fa475164e
\UO VnV\Music\Digital\PrimevalLich.mp3,cad6659832a436920bcc129f4d5c34a5a8f7f91532f5a027888d070296a58f4c
\UO VnV\Music\Digital\Pubtune.mp3,0de07f79c308873fba74649191eff16d3913ce4df870ca5a1cfd015a78805393
\UO VnV\Music\Digital\QueenPalace.mp3,0551f1323850286b9e52a1b95cd6f20f0a29c766515b3b41e09408ef8895a6cb
\UO VnV\Music\Digital\RoyalCity.mp3,2a148f9e330e89fb2c2c5f58112ad4c8fa57a6c6826b17b262b2d7630ad46b8e
\UO VnV\Music\Digital\Scarabreapos.mp3,3dfc255dc2a06f4040cbd9666a5805e962a4ed13e9f19410cbcd4834e8ca5e4b
\UO VnV\Music\Digital\SelimsBar.mp3,853ae91e214857a7800cd1001c300c636ea28bb09852a127069a52fc2705f3ac
\UO VnV\Music\Digital\SherrysSong.mp3,b469b2a86f8bb2637f0ff913b64ea4c062afb88ede8b36056c90996413f0a309
\UO VnV\Music\Digital\SlasherVeil.mp3,cb9a31505e5223a113fac33ec21bd4590b19b9acf18d5414da71a9e3c0208684
\UO VnV\Music\Digital\StarlightInBritain.mp3,8ede2a9b7cdb06a9e32816b263de47ca38c8f54c0e280dad18634b6f8c106b9c
\UO VnV\Music\Digital\Stones.mp3,bf7ccd1f8c766f5623163dd9733d70994f0a2dac45a8b45cc02d4208318e39b1
\UO VnV\Music\Digital\Stones1.mp3,2773da94d629fd836dec0f1c1bbf0ac7b1fe14bd1f9bc7e0afdd9baa8c99b53f
\UO VnV\Music\Digital\StygianAbyss.mp3,2cec30d8b851a2f5c466ffb194ca252af71f92d47eb34de11cb9a4d9e5a834e3
\UO VnV\Music\Digital\StygianDragon.mp3,9003f3f7aa1e3cac9889c74228910682ab112afadc529aa1734d1aadb9e77998
\UO VnV\Music\Digital\Taiko.mp3,6c85ace46bc7523cdf2d4d86624129f0a1ef6e00fdf50ab25720b816438fe86b
\UO VnV\Music\Digital\Tavern1.mp3,43c2781b94274bec137fc138f5a0abc3f3ca0407c9fe4fcb166c66f94f7fca08
\UO VnV\Music\Digital\Tavern2.mp3,004fd9d6461333efff5958c5be4ba23eaa373cfb54165a99a31b6cd943c526bf
\UO VnV\Music\Digital\Tavern3.mp3,b4f70d574899790fbbad5638b5eb4d540a291eb60e2d00cbbfcd461a9e8a24a7
\UO VnV\Music\Digital\TheVesperMist.mp3,9366e543424b5a509209c15cccddb88f583f151d7f5893aa69c48c068f61c627
\UO VnV\Music\Digital\TheWanderer.mp3,9e6aa817958e04a2e99c991062b7b9dfa5bd498f246b7389dabba3f4836a1b4e
\UO VnV\Music\Digital\TokunoDungeon.mp3,661db702715514792030ceeb069bf2021f553e674a764697d10920ef56dd5788
\UO VnV\Music\Digital\Trinsicpos.mp3,4b5fc0cafc70ca0fd87db08da48c83baab1b46ed7b32a554953239ec4f80ecea
\UO VnV\Music\Digital\Turfin.mp3,13af1df7a81745561e3d749d2ff7e77291c86805b58c384e34819f79b8244d25
\UO VnV\Music\Digital\UltimaVIISerpentIsleCombat.mp3,d60207713636fb64113b7c76f4ee037fa2adc5067d2560ffc88a324694343971
\UO VnV\Music\Digital\Valoriapos.mp3,73e669fc0f11f165bc9505d1e736918fb02db94a77902e07cde518edbcad4b9b
\UO VnV\Music\Digital\ValoriaShips.mp3,36d5841d1b8fc2ec3653fda15c617ec8d4aeabfe93749678a4abe151dd0a08de
\UO VnV\Music\Digital\Vesper1.mp3,a967b19828f9ecd1e16786751c1836d130b1f2bbaf2b5b6f4357ed583ad1f9e4
\UO VnV\Music\Digital\Victory.mp3,8764c409d8fa966c8f800271c283e961f557ab5ab9dfb0e0c600ad88255b204c
\UO VnV\Music\Digital\Void.mp3,20d34f03f1ad8d6e8a97a817acb6d11012a4f62b7e5450d020845cc4871ce87d
\UO VnV\Music\Digital\Walking.mp3,0ca3c37b00e7c4214015848318d6e5cbcc5c066722c70ca3bdc21b666ab68529
\UO VnV\Music\Digital\Yew1.mp3,dc499d079eebac2448c37c4eaed349a2981d3640395f1339c3f616d5118dafb1
\UO VnV\Music\Digital\Yewpos.mp3,5429ad047cc89865bb67f05fd9132084713b914537d7d7034d15019638de0681
\UO VnV\Music\Digital\Zento.mp3,a604419bc70168ecaad464289ffa7232ab45beca30a227034ba75ff141c5a3d6
